[2026-09-16 18:53:50] production.ERROR: The C:\Users\RV Calamaya\Documents\Orlan\garage-parts-marketplace-official\backend\bootstrap\cache directory must be present and writable. {"exception":"[object] (Exception(code: 0): The C:\\Users\\RV Calamaya\\Documents\\Orlan\\garage-parts-marketplace-official\\backend\\bootstrap\\cache directory must be present and writable. at C:/Users/RV Calamaya/Documents/Orlan/garage-parts-marketplace-official/backend/vendor/laravel/framework/src/Illuminate/Foundation/PackageManifest.php:179)
[stacktrace]
#0 C:/Users/RV Calamaya/Documents/Orlan/garage-parts-marketplace-official/backend/vendor/laravel/framework/src/Illuminate/Foundation/PackageManifest.php(132): Illuminate/Foundation/PackageManifest->write(Array)
#1 C:/Users/RV Calamaya/Documents/Orlan/garage-parts-marketplace-official/backend/vendor/laravel/framework/src/Illuminate/Foundation/PackageManifest.php(108): Illuminate/Foundation/PackageManifest->build()
#2 C:/Users/RV Calamaya/Documents/Orlan/garage-parts-marketplace-official/backend/vendor/laravel/framework/src/Illuminate/Foundation/PackageManifest.php(90): Illuminate/Foundation/PackageManifest->getManifest()
#3 C:/Users/RV Calamaya/Documents/Orlan/garage-parts-marketplace-official/backend/vendor/laravel/framework/src/Illuminate/Foundation/PackageManifest.php(79): Illuminate/Foundation/PackageManifest->config('aliases')
#4 C:/Users/RV Calamaya/Documents/Orlan/garage-parts-marketplace-official/backend/vendor/laravel/framework/src/Illuminate/Foundation/Bootstrap/RegisterFacades.php(26): Illuminate/Foundation/PackageManifest->aliases()
#5 C:/Users/RV Calamaya/Documents/Orlan/garage-parts-marketplace-official/backend/vendor/laravel/framework/src/Illuminate/Foundation/Application.php(342): Illuminate/Foundation/Bootstrap/RegisterFacades->bootstrap(Object(Illuminate/Foundation/Application))
#6 C:/Users/RV Calamaya/Documents/Orlan/garage-parts-marketplace-official/backend/vendor/laravel/framework/src/Illuminate/Foundation/Console/Kernel.php(494): Illuminate/Foundation/Application->bootstrapWith(Array)
#7 C:/Users/RV Calamaya/Documents/Orlan/garage-parts-marketplace-official/backend/vendor/laravel/framework/src/Illuminate/Foundation/Console/Kernel.php(196): Illuminate/Foundation/Console/Kernel->bootstrap()
#8 C:/Users/RV Calamaya/Documents/Orlan/garage-parts-marketplace-official/backend/vendor/laravel/framework/src/Illuminate/Foundation/Application.php(1235): Illuminate/Foundation/Console/Kernel->handle(Object(Symfony/Component/Console/Input/ArgvInput), Object(Symfony/Component/Console/Output/ConsoleOutput))
#9 C:/Users/RV Calamaya/Documents/Orlan/garage-parts-marketplace-official/backend/artisan(15): Illuminate/Foundation/Application->handleCommand(Object(Symfony/Component/Console/Input/ArgvInput))
#10 {main}
"} 
[2026-09-16 19:18:26] production.ERROR: The C:\Users\RV Calamaya\Documents\Orlan\garage-parts-marketplace-official\backend\bootstrap\cache directory must be present and writable. {"exception":"[object] (Exception(code: 0): The C:\\Users\\RV Calamaya\\Documents\\Orlan\\garage-parts-marketplace-official\\backend\\bootstrap\\cache directory must be present and writable. at C:/Users/RV Calamaya/Documents/Orlan/garage-parts-marketplace-official/backend/vendor/laravel/framework/src/Illuminate/Foundation/PackageManifest.php:179)
[stacktrace]
#0 C:/Users/RV Calamaya/Documents/Orlan/garage-parts-marketplace-official/backend/vendor/laravel/framework/src/Illuminate/Foundation/PackageManifest.php(132): Illuminate/Foundation/PackageManifest->write(Array)
#1 C:/Users/RV Calamaya/Documents/Orlan/garage-parts-marketplace-official/backend/vendor/laravel/framework/src/Illuminate/Foundation/PackageManifest.php(108): Illuminate/Foundation/PackageManifest->build()
#2 C:/Users/RV Calamaya/Documents/Orlan/garage-parts-marketplace-official/backend/vendor/laravel/framework/src/Illuminate/Foundation/PackageManifest.php(90): Illuminate/Foundation/PackageManifest->getManifest()
#3 C:/Users/RV Calamaya/Documents/Orlan/garage-parts-marketplace-official/backend/vendor/laravel/framework/src/Illuminate/Foundation/PackageManifest.php(79): Illuminate/Foundation/PackageManifest->config('aliases')
#4 C:/Users/RV Calamaya/Documents/Orlan/garage-parts-marketplace-official/backend/vendor/laravel/framework/src/Illuminate/Foundation/Bootstrap/RegisterFacades.php(26): Illuminate/Foundation/PackageManifest->aliases()
#5 C:/Users/RV Calamaya/Documents/Orlan/garage-parts-marketplace-official/backend/vendor/laravel/framework/src/Illuminate/Foundation/Application.php(342): Illuminate/Foundation/Bootstrap/RegisterFacades->bootstrap(Object(Illuminate/Foundation/Application))
#6 C:/Users/RV Calamaya/Documents/Orlan/garage-parts-marketplace-official/backend/vendor/laravel/framework/src/Illuminate/Foundation/Console/Kernel.php(494): Illuminate/Foundation/Application->bootstrapWith(Array)
#7 C:/Users/RV Calamaya/Documents/Orlan/garage-parts-marketplace-official/backend/vendor/laravel/framework/src/Illuminate/Foundation/Console/Kernel.php(196): Illuminate/Foundation/Console/Kernel->bootstrap()
#8 C:/Users/RV Calamaya/Documents/Orlan/garage-parts-marketplace-official/backend/vendor/laravel/framework/src/Illuminate/Foundation/Application.php(1235): Illuminate/Foundation/Console/Kernel->handle(Object(Symfony/Component/Console/Input/ArgvInput), Object(Symfony/Component/Console/Output/ConsoleOutput))
#9 C:/Users/RV Calamaya/Documents/Orlan/garage-parts-marketplace-official/backend/artisan(15): Illuminate/Foundation/Application->handleCommand(Object(Symfony/Component/Console/Input/ArgvInput))
#10 {main}
"} 
[2026-09-16 19:29:12] local.ERROR: Undefined array key "scaling" {"exception":"[object] (ErrorException(code: 0): Undefined array key \"scaling\" at C:/Users/RV Calamaya/Documents/Orlan/garage-parts-marketplace-official/backend/vendor/laravel/reverb/src/Servers/Reverb/ReverbServerProvider.php:29)
[stacktrace]
#0 C:/Users/RV Calamaya/Documents/Orlan/garage-parts-marketplace-official/backend/vendor/laravel/framework/src/Illuminate/Foundation/Bootstrap/HandleExceptions.php(262): Illuminate/Foundation/Bootstrap/HandleExceptions->handleError(2, 'Undefined array...', 'C://Users//RV Cal...', 29)
#1 C:/Users/RV Calamaya/Documents/Orlan/garage-parts-marketplace-official/backend/vendor/laravel/reverb/src/Servers/Reverb/ReverbServerProvider.php(29): Illuminate/Foundation/Bootstrap/HandleExceptions->Illuminate/Foundation/Bootstrap/{closure}(2, 'Undefined array...', 'C://Users//RV Cal...', 29)
#2 C:/Users/RV Calamaya/Documents/Orlan/garage-parts-marketplace-official/backend/vendor/laravel/reverb/src/ServerProviderManager.php(24): Laravel/Reverb/Servers/Reverb/ReverbServerProvider->__construct(Object(Illuminate/Foundation/Application), Array)
#3 C:/Users/RV Calamaya/Documents/Orlan/garage-parts-marketplace-official/backend/vendor/laravel/framework/src/Illuminate/Support/Manager.php(101): Laravel/Reverb/ServerProviderManager->createReverbDriver()
#4 C:/Users/RV Calamaya/Documents/Orlan/garage-parts-marketplace-official/backend/vendor/laravel/framework/src/Illuminate/Support/Manager.php(78): Illuminate/Support/Manager->createDriver('reverb')
#5 C:/Users/RV Calamaya/Documents/Orlan/garage-parts-marketplace-official/backend/vendor/laravel/framework/src/Illuminate/Support/Manager.php(186): Illuminate/Support/Manager->driver()
#6 C:/Users/RV Calamaya/Documents/Orlan/garage-parts-marketplace-official/backend/vendor/laravel/reverb/src/ReverbServiceProvider.php(28): Illuminate/Support/Manager->__call('register', Array)
#7 C:/Users/RV Calamaya/Documents/Orlan/garage-parts-marketplace-official/backend/vendor/laravel/framework/src/Illuminate/Foundation/Application.php(896): Laravel/Reverb/ReverbServiceProvider->register()
#8 C:/Users/RV Calamaya/Documents/Orlan/garage-parts-marketplace-official/backend/vendor/laravel/framework/src/Illuminate/Foundation/ProviderRepository.php(74): Illuminate/Foundation/Application->register(Object(Laravel/Reverb/ReverbServiceProvider))
#9 C:/Users/RV Calamaya/Documents/Orlan/garage-parts-marketplace-official/backend/vendor/laravel/framework/src/Illuminate/Foundation/Application.php(871): Illuminate/Foundation/ProviderRepository->load(Array)
#10 C:/Users/RV Calamaya/Documents/Orlan/garage-parts-marketplace-official/backend/vendor/laravel/framework/src/Illuminate/Foundation/Bootstrap/RegisterProviders.php(37): Illuminate/Foundation/Application->registerConfiguredProviders()
#11 C:/Users/RV Calamaya/Documents/Orlan/garage-parts-marketplace-official/backend/vendor/laravel/framework/src/Illuminate/Foundation/Application.php(342): Illuminate/Foundation/Bootstrap/RegisterProviders->bootstrap(Object(Illuminate/Foundation/Application))
#12 C:/Users/RV Calamaya/Documents/Orlan/garage-parts-marketplace-official/backend/vendor/laravel/framework/src/Illuminate/Foundation/Console/Kernel.php(494): Illuminate/Foundation/Application->bootstrapWith(Array)
#13 C:/Users/RV Calamaya/Documents/Orlan/garage-parts-marketplace-official/backend/vendor/laravel/framework/src/Illuminate/Foundation/Console/Kernel.php(196): Illuminate/Foundation/Console/Kernel->bootstrap()
#14 C:/Users/RV Calamaya/Documents/Orlan/garage-parts-marketplace-official/backend/vendor/laravel/framework/src/Illuminate/Foundation/Application.php(1235): Illuminate/Foundation/Console/Kernel->handle(Object(Symfony/Component/Console/Input/ArgvInput), Object(Symfony/Component/Console/Output/ConsoleOutput))
#15 C:/Users/RV Calamaya/Documents/Orlan/garage-parts-marketplace-official/backend/artisan(15): Illuminate/Foundation/Application->handleCommand(Object(Symfony/Component/Console/Input/ArgvInput))
#16 {main}
"} 
[2026-09-16 19:29:12] local.ERROR: Undefined array key "scaling" {"exception":"[object] (ErrorException(code: 0): Undefined array key \"scaling\" at C:/Users/RV Calamaya/Documents/Orlan/garage-parts-marketplace-official/backend/vendor/laravel/reverb/src/Servers/Reverb/ReverbServerProvider.php:29)
[stacktrace]
#0 C:/Users/RV Calamaya/Documents/Orlan/garage-parts-marketplace-official/backend/vendor/laravel/framework/src/Illuminate/Foundation/Bootstrap/HandleExceptions.php(262): Illuminate/Foundation/Bootstrap/HandleExceptions->handleError(2, 'Undefined array...', 'C://Users//RV Cal...', 29)
#1 C:/Users/RV Calamaya/Documents/Orlan/garage-parts-marketplace-official/backend/vendor/laravel/reverb/src/Servers/Reverb/ReverbServerProvider.php(29): Illuminate/Foundation/Bootstrap/HandleExceptions->Illuminate/Foundation/Bootstrap/{closure}(2, 'Undefined array...', 'C://Users//RV Cal...', 29)
#2 C:/Users/RV Calamaya/Documents/Orlan/garage-parts-marketplace-official/backend/vendor/laravel/reverb/src/ServerProviderManager.php(24): Laravel/Reverb/Servers/Reverb/ReverbServerProvider->__construct(Object(Illuminate/Foundation/Application), Array)
#3 C:/Users/RV Calamaya/Documents/Orlan/garage-parts-marketplace-official/backend/vendor/laravel/framework/src/Illuminate/Support/Manager.php(101): Laravel/Reverb/ServerProviderManager->createReverbDriver()
#4 C:/Users/RV Calamaya/Documents/Orlan/garage-parts-marketplace-official/backend/vendor/laravel/framework/src/Illuminate/Support/Manager.php(78): Illuminate/Support/Manager->createDriver('reverb')
#5 C:/Users/RV Calamaya/Documents/Orlan/garage-parts-marketplace-official/backend/vendor/laravel/framework/src/Illuminate/Support/Manager.php(186): Illuminate/Support/Manager->driver()
#6 C:/Users/RV Calamaya/Documents/Orlan/garage-parts-marketplace-official/backend/vendor/laravel/reverb/src/ReverbServiceProvider.php(28): Illuminate/Support/Manager->__call('register', Array)
#7 C:/Users/RV Calamaya/Documents/Orlan/garage-parts-marketplace-official/backend/vendor/laravel/framework/src/Illuminate/Foundation/Application.php(896): Laravel/Reverb/ReverbServiceProvider->register()
#8 C:/Users/RV Calamaya/Documents/Orlan/garage-parts-marketplace-official/backend/vendor/laravel/framework/src/Illuminate/Foundation/ProviderRepository.php(74): Illuminate/Foundation/Application->register(Object(Laravel/Reverb/ReverbServiceProvider))
#9 C:/Users/RV Calamaya/Documents/Orlan/garage-parts-marketplace-official/backend/vendor/laravel/framework/src/Illuminate/Foundation/Application.php(871): Illuminate/Foundation/ProviderRepository->load(Array)
#10 C:/Users/RV Calamaya/Documents/Orlan/garage-parts-marketplace-official/backend/vendor/laravel/framework/src/Illuminate/Foundation/Bootstrap/RegisterProviders.php(37): Illuminate/Foundation/Application->registerConfiguredProviders()
#11 C:/Users/RV Calamaya/Documents/Orlan/garage-parts-marketplace-official/backend/vendor/laravel/framework/src/Illuminate/Foundation/Application.php(342): Illuminate/Foundation/Bootstrap/RegisterProviders->bootstrap(Object(Illuminate/Foundation/Application))
#12 C:/Users/RV Calamaya/Documents/Orlan/garage-parts-marketplace-official/backend/vendor/laravel/framework/src/Illuminate/Foundation/Console/Kernel.php(494): Illuminate/Foundation/Application->bootstrapWith(Array)
#13 C:/Users/RV Calamaya/Documents/Orlan/garage-parts-marketplace-official/backend/vendor/laravel/framework/src/Illuminate/Foundation/Console/Kernel.php(196): Illuminate/Foundation/Console/Kernel->bootstrap()
#14 C:/Users/RV Calamaya/Documents/Orlan/garage-parts-marketplace-official/backend/vendor/laravel/framework/src/Illuminate/Foundation/Application.php(1235): Illuminate/Foundation/Console/Kernel->handle(Object(Symfony/Component/Console/Input/ArgvInput), Object(Symfony/Component/Console/Output/ConsoleOutput))
#15 C:/Users/RV Calamaya/Documents/Orlan/garage-parts-marketplace-official/backend/artisan(15): Illuminate/Foundation/Application->handleCommand(Object(Symfony/Component/Console/Input/ArgvInput))
#16 {main}
"} 
[2026-09-16 19:30:03] local.ERROR: SQLSTATE[42S01]: Base table or view already exists: 1050 Table 'personal_access_tokens' already exists (Connection: mysql, Host: 127.0.0.1, Port: 3306, Database: garage_parts, SQL: create table `personal_access_tokens` (`id` bigint unsigned not null auto_increment primary key, `tokenable_type` varchar(255) not null, `tokenable_id` bigint unsigned not null, `name` text not null, `token` varchar(64) not null, `abilities` text null, `last_used_at` timestamp null, `expires_at` timestamp null, `created_at` timestamp null, `updated_at` timestamp null) default character set utf8mb4 collate 'utf8mb4_unicode_ci') {"exception":"[object] (Illuminate\\Database\\QueryException(code: 42S01): SQLSTATE[42S01]: Base table or view already exists: 1050 Table 'personal_access_tokens' already exists (Connection: mysql, Host: 127.0.0.1, Port: 3306, Database: garage_parts, SQL: create table `personal_access_tokens` (`id` bigint unsigned not null auto_increment primary key, `tokenable_type` varchar(255) not null, `tokenable_id` bigint unsigned not null, `name` text not null, `token` varchar(64) not null, `abilities` text null, `last_used_at` timestamp null, `expires_at` timestamp null, `created_at` timestamp null, `updated_at` timestamp null) default character set utf8mb4 collate 'utf8mb4_unicode_ci') at C:/Users/RV Calamaya/Documents/Orlan/garage-parts-marketplace-official/backend/vendor/laravel/framework/src/Illuminate/Database/Connection.php:838)
[stacktrace]
#0 C:/Users/RV Calamaya/Documents/Orlan/garage-parts-marketplace-official/backend/vendor/laravel/framework/src/Illuminate/Database/Connection.php(794): Illuminate/Database/Connection->runQueryCallback('create table `p...', Array, Object(Closure))
#1 C:/Users/RV Calamaya/Documents/Orlan/garage-parts-marketplace-official/backend/vendor/laravel/framework/src/Illuminate/Database/Connection.php(573): Illuminate/Database/Connection->run('create table `p...', Array, Object(Closure))
#2 C:/Users/RV Calamaya/Documents/Orlan/garage-parts-marketplace-official/backend/vendor/laravel/framework/src/Illuminate/Database/Schema/Blueprint.php(121): Illuminate/Database/Connection->statement('create table `p...')
#3 C:/Users/RV Calamaya/Documents/Orlan/garage-parts-marketplace-official/backend/vendor/laravel/framework/src/Illuminate/Database/Schema/Builder.php(686): Illuminate/Database/Schema/Blueprint->build()
#4 C:/Users/RV Calamaya/Documents/Orlan/garage-parts-marketplace-official/backend/vendor/laravel/framework/src/Illuminate/Database/Schema/Builder.php(506): Illuminate/Database/Schema/Builder->build(Object(Illuminate/Database/Schema/Blueprint))
#5 C:/Users/RV Calamaya/Documents/Orlan/garage-parts-marketplace-official/backend/vendor/laravel/framework/src/Illuminate/Support/Facades/Facade.php(363): Illuminate/Database/Schema/Builder->create('personal_access...', Object(Closure))
#6 C:/Users/RV Calamaya/Documents/Orlan/garage-parts-marketplace-official/backend/database/migrations/0001_01_01_000001_create_core_tables.php(12): Illuminate/Support/Facades/Facade::__callStatic('create', Array)
#7 C:/Users/RV Calamaya/Documents/Orlan/garage-parts-marketplace-official/backend/vendor/laravel/framework/src/Illuminate/Database/Migrations/Migrator.php(517): Illuminate/Database/Migrations/Migration@anonymous->up()
#8 C:/Users/RV Calamaya/Documents/Orlan/garage-parts-marketplace-official/backend/vendor/laravel/framework/src/Illuminate/Database/Migrations/Migrator.php(442): Illuminate/Database/Migrations/Migrator->runMethod(Object(Illuminate/Database/MySqlConnection), Object(Illuminate/Database/Migrations/Migration@anonymous), 'up')
#9 C:/Users/RV Calamaya/Documents/Orlan/garage-parts-marketplace-official/backend/vendor/laravel/framework/src/Illuminate/Database/Migrations/Migrator.php(451): Illuminate/Database/Migrations/Migrator->Illuminate/Database/Migrations/{closure}()
#10 C:/Users/RV Calamaya/Documents/Orlan/garage-parts-marketplace-official/backend/vendor/laravel/framework/src/Illuminate/Database/Migrations/Migrator.php(253): Illuminate/Database/Migrations/Migrator->runMigration(Object(Illuminate/Database/Migrations/Migration@anonymous), 'up')
#11 C:/Users/RV Calamaya/Documents/Orlan/garage-parts-marketplace-official/backend/vendor/laravel/framework/src/Illuminate/Console/View/Components/Task.php(41): Illuminate/Database/Migrations/Migrator->Illuminate/Database/Migrations/{closure}()
#12 C:/Users/RV Calamaya/Documents/Orlan/garage-parts-marketplace-official/backend/vendor/laravel/framework/src/Illuminate/Database/Migrations/Migrator.php(814): Illuminate/Console/View/Components/Task->render('0001_01_01_0000...', Object(Closure))
#13 C:/Users/RV Calamaya/Documents/Orlan/garage-parts-marketplace-official/backend/vendor/laravel/framework/src/Illuminate/Database/Migrations/Migrator.php(253): Illuminate/Database/Migrations/Migrator->write('Illuminate//Cons...', '0001_01_01_0000...', Object(Closure))
#14 C:/Users/RV Calamaya/Documents/Orlan/garage-parts-marketplace-official/backend/vendor/laravel/framework/src/Illuminate/Database/Migrations/Migrator.php(211): Illuminate/Database/Migrations/Migrator->runUp('C://Users//RV Cal...', 3, false)
#15 C:/Users/RV Calamaya/Documents/Orlan/garage-parts-marketplace-official/backend/vendor/laravel/framework/src/Illuminate/Database/Migrations/Migrator.php(138): Illuminate/Database/Migrations/Migrator->runPending(Array, Array)
#16 C:/Users/RV Calamaya/Documents/Orlan/garage-parts-marketplace-official/backend/vendor/laravel/framework/src/Illuminate/Database/Console/Migrations/MigrateCommand.php(116): Illuminate/Database/Migrations/Migrator->run(Array, Array)
#17 C:/Users/RV Calamaya/Documents/Orlan/garage-parts-marketplace-official/backend/vendor/laravel/framework/src/Illuminate/Database/Migrations/Migrator.php(671): Illuminate/Database/Console/Migrations/MigrateCommand->Illuminate/Database/Console/Migrations/{closure}()
#18 C:/Users/RV Calamaya/Documents/Orlan/garage-parts-marketplace-official/backend/vendor/laravel/framework/src/Illuminate/Database/Console/Migrations/MigrateCommand.php(109): Illuminate/Database/Migrations/Migrator->usingConnection(NULL, Object(Closure))
#19 C:/Users/RV Calamaya/Documents/Orlan/garage-parts-marketplace-official/backend/vendor/laravel/framework/src/Illuminate/Database/Console/Migrations/MigrateCommand.php(88): Illuminate/Database/Console/Migrations/MigrateCommand->runMigrations()
#20 C:/Users/RV Calamaya/Documents/Orlan/garage-parts-marketplace-official/backend/vendor/laravel/framework/src/Illuminate/Container/BoundMethod.php(36): Illuminate/Database/Console/Migrations/MigrateCommand->handle()
#21 C:/Users/RV Calamaya/Documents/Orlan/garage-parts-marketplace-official/backend/vendor/laravel/framework/src/Illuminate/Container/Util.php(43): Illuminate/Container/BoundMethod::Illuminate/Container/{closure}()
#22 C:/Users/RV Calamaya/Documents/Orlan/garage-parts-marketplace-official/backend/vendor/laravel/framework/src/Illuminate/Container/BoundMethod.php(96): Illuminate/Container/Util::unwrapIfClosure(Object(Closure))
#23 C:/Users/RV Calamaya/Documents/Orlan/garage-parts-marketplace-official/backend/vendor/laravel/framework/src/Illuminate/Container/BoundMethod.php(35): Illuminate/Container/BoundMethod::callBoundMethod(Object(Illuminate/Foundation/Application), Array, Object(Closure))
#24 C:/Users/RV Calamaya/Documents/Orlan/garage-parts-marketplace-official/backend/vendor/laravel/framework/src/Illuminate/Container/Container.php(799): Illuminate/Container/BoundMethod::call(Object(Illuminate/Foundation/Application), Array, Array, NULL)
#25 C:/Users/RV Calamaya/Documents/Orlan/garage-parts-marketplace-official/backend/vendor/laravel/framework/src/Illuminate/Console/Command.php(211): Illuminate/Container/Container->call(Array)
#26 C:/Users/RV Calamaya/Documents/Orlan/garage-parts-marketplace-official/backend/vendor/symfony/console/Command/Command.php(341): Illuminate/Console/Command->execute(Object(Symfony/Component/Console/Input/ArgvInput), Object(Illuminate/Console/OutputStyle))
#27 C:/Users/RV Calamaya/Documents/Orlan/garage-parts-marketplace-official/backend/vendor/laravel/framework/src/Illuminate/Console/Command.php(180): Symfony/Component/Console/Command/Command->run(Object(Symfony/Component/Console/Input/ArgvInput), Object(Illuminate/Console/OutputStyle))
#28 C:/Users/RV Calamaya/Documents/Orlan/garage-parts-marketplace-official/backend/vendor/symfony/console/Application.php(1117): Illuminate/Console/Command->run(Object(Symfony/Component/Console/Input/ArgvInput), Object(Symfony/Component/Console/Output/ConsoleOutput))
#29 C:/Users/RV Calamaya/Documents/Orlan/garage-parts-marketplace-official/backend/vendor/symfony/console/Application.php(356): Symfony/Component/Console/Application->doRunCommand(Object(Illuminate/Database/Console/Migrations/MigrateCommand), Object(Symfony/Component/Console/Input/ArgvInput), Object(Symfony/Component/Console/Output/ConsoleOutput))
#30 C:/Users/RV Calamaya/Documents/Orlan/garage-parts-marketplace-official/backend/vendor/symfony/console/Application.php(195): Symfony/Component/Console/Application->doRun(Object(Symfony/Component/Console/Input/ArgvInput), Object(Symfony/Component/Console/Output/ConsoleOutput))
#31 C:/Users/RV Calamaya/Documents/Orlan/garage-parts-marketplace-official/backend/vendor/laravel/framework/src/Illuminate/Foundation/Console/Kernel.php(198): Symfony/Component/Console/Application->run(Object(Symfony/Component/Console/Input/ArgvInput), Object(Symfony/Component/Console/Output/ConsoleOutput))
#32 C:/Users/RV Calamaya/Documents/Orlan/garage-parts-marketplace-official/backend/vendor/laravel/framework/src/Illuminate/Foundation/Application.php(1235): Illuminate/Foundation/Console/Kernel->handle(Object(Symfony/Component/Console/Input/ArgvInput), Object(Symfony/Component/Console/Output/ConsoleOutput))
#33 C:/Users/RV Calamaya/Documents/Orlan/garage-parts-marketplace-official/backend/artisan(15): Illuminate/Foundation/Application->handleCommand(Object(Symfony/Component/Console/Input/ArgvInput))
#34 {main}

[previous exception] [object] (PDOException(code: 42S01): SQLSTATE[42S01]: Base table or view already exists: 1050 Table 'personal_access_tokens' already exists at C:/Users/RV Calamaya/Documents/Orlan/garage-parts-marketplace-official/backend/vendor/laravel/framework/src/Illuminate/Database/Connection.php:584)
[stacktrace]
#0 C:/Users/RV Calamaya/Documents/Orlan/garage-parts-marketplace-official/backend/vendor/laravel/framework/src/Illuminate/Database/Connection.php(584): PDOStatement->execute()
#1 C:/Users/RV Calamaya/Documents/Orlan/garage-parts-marketplace-official/backend/vendor/laravel/framework/src/Illuminate/Database/Connection.php(827): Illuminate/Database/Connection->Illuminate/Database/{closure}('create table `p...', Array)
#2 C:/Users/RV Calamaya/Documents/Orlan/garage-parts-marketplace-official/backend/vendor/laravel/framework/src/Illuminate/Database/Connection.php(794): Illuminate/Database/Connection->runQueryCallback('create table `p...', Array, Object(Closure))
#3 C:/Users/RV Calamaya/Documents/Orlan/garage-parts-marketplace-official/backend/vendor/laravel/framework/src/Illuminate/Database/Connection.php(573): Illuminate/Database/Connection->run('create table `p...', Array, Object(Closure))
#4 C:/Users/RV Calamaya/Documents/Orlan/garage-parts-marketplace-official/backend/vendor/laravel/framework/src/Illuminate/Database/Schema/Blueprint.php(121): Illuminate/Database/Connection->statement('create table `p...')
#5 C:/Users/RV Calamaya/Documents/Orlan/garage-parts-marketplace-official/backend/vendor/laravel/framework/src/Illuminate/Database/Schema/Builder.php(686): Illuminate/Database/Schema/Blueprint->build()
#6 C:/Users/RV Calamaya/Documents/Orlan/garage-parts-marketplace-official/backend/vendor/laravel/framework/src/Illuminate/Database/Schema/Builder.php(506): Illuminate/Database/Schema/Builder->build(Object(Illuminate/Database/Schema/Blueprint))
#7 C:/Users/RV Calamaya/Documents/Orlan/garage-parts-marketplace-official/backend/vendor/laravel/framework/src/Illuminate/Support/Facades/Facade.php(363): Illuminate/Database/Schema/Builder->create('personal_access...', Object(Closure))
#8 C:/Users/RV Calamaya/Documents/Orlan/garage-parts-marketplace-official/backend/database/migrations/0001_01_01_000001_create_core_tables.php(12): Illuminate/Support/Facades/Facade::__callStatic('create', Array)
#9 C:/Users/RV Calamaya/Documents/Orlan/garage-parts-marketplace-official/backend/vendor/laravel/framework/src/Illuminate/Database/Migrations/Migrator.php(517): Illuminate/Database/Migrations/Migration@anonymous->up()
#10 C:/Users/RV Calamaya/Documents/Orlan/garage-parts-marketplace-official/backend/vendor/laravel/framework/src/Illuminate/Database/Migrations/Migrator.php(442): Illuminate/Database/Migrations/Migrator->runMethod(Object(Illuminate/Database/MySqlConnection), Object(Illuminate/Database/Migrations/Migration@anonymous), 'up')
#11 C:/Users/RV Calamaya/Documents/Orlan/garage-parts-marketplace-official/backend/vendor/laravel/framework/src/Illuminate/Database/Migrations/Migrator.php(451): Illuminate/Database/Migrations/Migrator->Illuminate/Database/Migrations/{closure}()
#12 C:/Users/RV Calamaya/Documents/Orlan/garage-parts-marketplace-official/backend/vendor/laravel/framework/src/Illuminate/Database/Migrations/Migrator.php(253): Illuminate/Database/Migrations/Migrator->runMigration(Object(Illuminate/Database/Migrations/Migration@anonymous), 'up')
#13 C:/Users/RV Calamaya/Documents/Orlan/garage-parts-marketplace-official/backend/vendor/laravel/framework/src/Illuminate/Console/View/Components/Task.php(41): Illuminate/Database/Migrations/Migrator->Illuminate/Database/Migrations/{closure}()
#14 C:/Users/RV Calamaya/Documents/Orlan/garage-parts-marketplace-official/backend/vendor/laravel/framework/src/Illuminate/Database/Migrations/Migrator.php(814): Illuminate/Console/View/Components/Task->render('0001_01_01_0000...', Object(Closure))
#15 C:/Users/RV Calamaya/Documents/Orlan/garage-parts-marketplace-official/backend/vendor/laravel/framework/src/Illuminate/Database/Migrations/Migrator.php(253): Illuminate/Database/Migrations/Migrator->write('Illuminate//Cons...', '0001_01_01_0000...', Object(Closure))
#16 C:/Users/RV Calamaya/Documents/Orlan/garage-parts-marketplace-official/backend/vendor/laravel/framework/src/Illuminate/Database/Migrations/Migrator.php(211): Illuminate/Database/Migrations/Migrator->runUp('C://Users//RV Cal...', 3, false)
#17 C:/Users/RV Calamaya/Documents/Orlan/garage-parts-marketplace-official/backend/vendor/laravel/framework/src/Illuminate/Database/Migrations/Migrator.php(138): Illuminate/Database/Migrations/Migrator->runPending(Array, Array)
#18 C:/Users/RV Calamaya/Documents/Orlan/garage-parts-marketplace-official/backend/vendor/laravel/framework/src/Illuminate/Database/Console/Migrations/MigrateCommand.php(116): Illuminate/Database/Migrations/Migrator->run(Array, Array)
#19 C:/Users/RV Calamaya/Documents/Orlan/garage-parts-marketplace-official/backend/vendor/laravel/framework/src/Illuminate/Database/Migrations/Migrator.php(671): Illuminate/Database/Console/Migrations/MigrateCommand->Illuminate/Database/Console/Migrations/{closure}()
#20 C:/Users/RV Calamaya/Documents/Orlan/garage-parts-marketplace-official/backend/vendor/laravel/framework/src/Illuminate/Database/Console/Migrations/MigrateCommand.php(109): Illuminate/Database/Migrations/Migrator->usingConnection(NULL, Object(Closure))
#21 C:/Users/RV Calamaya/Documents/Orlan/garage-parts-marketplace-official/backend/vendor/laravel/framework/src/Illuminate/Database/Console/Migrations/MigrateCommand.php(88): Illuminate/Database/Console/Migrations/MigrateCommand->runMigrations()
#22 C:/Users/RV Calamaya/Documents/Orlan/garage-parts-marketplace-official/backend/vendor/laravel/framework/src/Illuminate/Container/BoundMethod.php(36): Illuminate/Database/Console/Migrations/MigrateCommand->handle()
#23 C:/Users/RV Calamaya/Documents/Orlan/garage-parts-marketplace-official/backend/vendor/laravel/framework/src/Illuminate/Container/Util.php(43): Illuminate/Container/BoundMethod::Illuminate/Container/{closure}()
#24 C:/Users/RV Calamaya/Documents/Orlan/garage-parts-marketplace-official/backend/vendor/laravel/framework/src/Illuminate/Container/BoundMethod.php(96): Illuminate/Container/Util::unwrapIfClosure(Object(Closure))
#25 C:/Users/RV Calamaya/Documents/Orlan/garage-parts-marketplace-official/backend/vendor/laravel/framework/src/Illuminate/Container/BoundMethod.php(35): Illuminate/Container/BoundMethod::callBoundMethod(Object(Illuminate/Foundation/Application), Array, Object(Closure))
#26 C:/Users/RV Calamaya/Documents/Orlan/garage-parts-marketplace-official/backend/vendor/laravel/framework/src/Illuminate/Container/Container.php(799): Illuminate/Container/BoundMethod::call(Object(Illuminate/Foundation/Application), Array, Array, NULL)
#27 C:/Users/RV Calamaya/Documents/Orlan/garage-parts-marketplace-official/backend/vendor/laravel/framework/src/Illuminate/Console/Command.php(211): Illuminate/Container/Container->call(Array)
#28 C:/Users/RV Calamaya/Documents/Orlan/garage-parts-marketplace-official/backend/vendor/symfony/console/Command/Command.php(341): Illuminate/Console/Command->execute(Object(Symfony/Component/Console/Input/ArgvInput), Object(Illuminate/Console/OutputStyle))
#29 C:/Users/RV Calamaya/Documents/Orlan/garage-parts-marketplace-official/backend/vendor/laravel/framework/src/Illuminate/Console/Command.php(180): Symfony/Component/Console/Command/Command->run(Object(Symfony/Component/Console/Input/ArgvInput), Object(Illuminate/Console/OutputStyle))
#30 C:/Users/RV Calamaya/Documents/Orlan/garage-parts-marketplace-official/backend/vendor/symfony/console/Application.php(1117): Illuminate/Console/Command->run(Object(Symfony/Component/Console/Input/ArgvInput), Object(Symfony/Component/Console/Output/ConsoleOutput))
#31 C:/Users/RV Calamaya/Documents/Orlan/garage-parts-marketplace-official/backend/vendor/symfony/console/Application.php(356): Symfony/Component/Console/Application->doRunCommand(Object(Illuminate/Database/Console/Migrations/MigrateCommand), Object(Symfony/Component/Console/Input/ArgvInput), Object(Symfony/Component/Console/Output/ConsoleOutput))
#32 C:/Users/RV Calamaya/Documents/Orlan/garage-parts-marketplace-official/backend/vendor/symfony/console/Application.php(195): Symfony/Component/Console/Application->doRun(Object(Symfony/Component/Console/Input/ArgvInput), Object(Symfony/Component/Console/Output/ConsoleOutput))
#33 C:/Users/RV Calamaya/Documents/Orlan/garage-parts-marketplace-official/backend/vendor/laravel/framework/src/Illuminate/Foundation/Console/Kernel.php(198): Symfony/Component/Console/Application->run(Object(Symfony/Component/Console/Input/ArgvInput), Object(Symfony/Component/Console/Output/ConsoleOutput))
#34 C:/Users/RV Calamaya/Documents/Orlan/garage-parts-marketplace-official/backend/vendor/laravel/framework/src/Illuminate/Foundation/Application.php(1235): Illuminate/Foundation/Console/Kernel->handle(Object(Symfony/Component/Console/Input/ArgvInput), Object(Symfony/Component/Console/Output/ConsoleOutput))
#35 C:/Users/RV Calamaya/Documents/Orlan/garage-parts-marketplace-official/backend/artisan(15): Illuminate/Foundation/Application->handleCommand(Object(Symfony/Component/Console/Input/ArgvInput))
#36 {main}
"} 
[2026-09-16 19:33:31] local.ERROR: PHP Parse error: Syntax error, unexpected '=' on line 1 {"exception":"[object] (Psy\\Exception\\ParseErrorException(code: 0): PHP Parse error: Syntax error, unexpected '=' on line 1 at C:/Users/RV Calamaya/Documents/Orlan/garage-parts-marketplace-official/backend/vendor/psy/psysh/src/Exception/ParseErrorException.php:44)
[stacktrace]
#0 C:/Users/RV Calamaya/Documents/Orlan/garage-parts-marketplace-official/backend/vendor/psy/psysh/src/CodeCleaner.php(657): Psy/Exception/ParseErrorException::fromParseError(Object(PhpParser/Error))
#1 C:/Users/RV Calamaya/Documents/Orlan/garage-parts-marketplace-official/backend/vendor/psy/psysh/src/CodeCleaner.php(273): Psy/CodeCleaner->parse('<?php  = App//Mo...', false)
#2 C:/Users/RV Calamaya/Documents/Orlan/garage-parts-marketplace-official/backend/vendor/psy/psysh/src/Shell.php(1399): Psy/CodeCleaner->clean(Array, false)
#3 C:/Users/RV Calamaya/Documents/Orlan/garage-parts-marketplace-official/backend/vendor/psy/psysh/src/Shell.php(1506): Psy/Shell->appendCode(' = App//Models//U...', true, false)
#4 C:/Users/RV Calamaya/Documents/Orlan/garage-parts-marketplace-official/backend/vendor/psy/psysh/src/Shell.php(2215): Psy/Shell->setCode(' = App//Models//U...', true)
#5 C:/Users/RV Calamaya/Documents/Orlan/garage-parts-marketplace-official/backend/vendor/laravel/tinker/src/Console/TinkerCommand.php(77): Psy/Shell->execute(' = App//Models//U...')
#6 C:/Users/RV Calamaya/Documents/Orlan/garage-parts-marketplace-official/backend/vendor/laravel/framework/src/Illuminate/Container/BoundMethod.php(36): Laravel/Tinker/Console/TinkerCommand->handle()
#7 C:/Users/RV Calamaya/Documents/Orlan/garage-parts-marketplace-official/backend/vendor/laravel/framework/src/Illuminate/Container/Util.php(43): Illuminate/Container/BoundMethod::Illuminate/Container/{closure}()
#8 C:/Users/RV Calamaya/Documents/Orlan/garage-parts-marketplace-official/backend/vendor/laravel/framework/src/Illuminate/Container/BoundMethod.php(96): Illuminate/Container/Util::unwrapIfClosure(Object(Closure))
#9 C:/Users/RV Calamaya/Documents/Orlan/garage-parts-marketplace-official/backend/vendor/laravel/framework/src/Illuminate/Container/BoundMethod.php(35): Illuminate/Container/BoundMethod::callBoundMethod(Object(Illuminate/Foundation/Application), Array, Object(Closure))
#10 C:/Users/RV Calamaya/Documents/Orlan/garage-parts-marketplace-official/backend/vendor/laravel/framework/src/Illuminate/Container/Container.php(799): Illuminate/Container/BoundMethod::call(Object(Illuminate/Foundation/Application), Array, Array, NULL)
#11 C:/Users/RV Calamaya/Documents/Orlan/garage-parts-marketplace-official/backend/vendor/laravel/framework/src/Illuminate/Console/Command.php(211): Illuminate/Container/Container->call(Array)
#12 C:/Users/RV Calamaya/Documents/Orlan/garage-parts-marketplace-official/backend/vendor/symfony/console/Command/Command.php(341): Illuminate/Console/Command->execute(Object(Symfony/Component/Console/Input/ArgvInput), Object(Illuminate/Console/OutputStyle))
#13 C:/Users/RV Calamaya/Documents/Orlan/garage-parts-marketplace-official/backend/vendor/laravel/framework/src/Illuminate/Console/Command.php(180): Symfony/Component/Console/Command/Command->run(Object(Symfony/Component/Console/Input/ArgvInput), Object(Illuminate/Console/OutputStyle))
#14 C:/Users/RV Calamaya/Documents/Orlan/garage-parts-marketplace-official/backend/vendor/symfony/console/Application.php(1117): Illuminate/Console/Command->run(Object(Symfony/Component/Console/Input/ArgvInput), Object(Symfony/Component/Console/Output/ConsoleOutput))
#15 C:/Users/RV Calamaya/Documents/Orlan/garage-parts-marketplace-official/backend/vendor/symfony/console/Application.php(356): Symfony/Component/Console/Application->doRunCommand(Object(Laravel/Tinker/Console/TinkerCommand), Object(Symfony/Component/Console/Input/ArgvInput), Object(Symfony/Component/Console/Output/ConsoleOutput))
#16 C:/Users/RV Calamaya/Documents/Orlan/garage-parts-marketplace-official/backend/vendor/symfony/console/Application.php(195): Symfony/Component/Console/Application->doRun(Object(Symfony/Component/Console/Input/ArgvInput), Object(Symfony/Component/Console/Output/ConsoleOutput))
#17 C:/Users/RV Calamaya/Documents/Orlan/garage-parts-marketplace-official/backend/vendor/laravel/framework/src/Illuminate/Foundation/Console/Kernel.php(198): Symfony/Component/Console/Application->run(Object(Symfony/Component/Console/Input/ArgvInput), Object(Symfony/Component/Console/Output/ConsoleOutput))
#18 C:/Users/RV Calamaya/Documents/Orlan/garage-parts-marketplace-official/backend/vendor/laravel/framework/src/Illuminate/Foundation/Application.php(1235): Illuminate/Foundation/Console/Kernel->handle(Object(Symfony/Component/Console/Input/ArgvInput), Object(Symfony/Component/Console/Output/ConsoleOutput))
#19 C:/Users/RV Calamaya/Documents/Orlan/garage-parts-marketplace-official/backend/artisan(15): Illuminate/Foundation/Application->handleCommand(Object(Symfony/Component/Console/Input/ArgvInput))
#20 {main}
"} 
[2026-09-17 02:58:51] local.ERROR: SQLSTATE[22001]: String data, right truncated: 1406 Data too long for column 'vin' at row 1 (Connection: mysql, Host: 127.0.0.1, Port: 3306, Database: garage_parts_gpm, SQL: insert into `cars` (`vin`, `seller_id`, `title`, `brand`, `model`, `year`, `price`, `original_price`, `mileage_km`, `body_style`, `fuel_type`, `transmission`, `condition`, `tag`, `color`, `description`, `city`, `location`, `status`, `rating`, `inspection_score`, `published_at`, `updated_at`, `created_at`) values (TA22-0982341109823, 4, 1972 Toyota Celica GT 1600 Coupe (TA22), Toyota, Celica GT 1600, 1972, 890000, 950000, 42000, coupe, petrol, manual, used, Restored Classic, Classic Heritage Blue, Meticulously nut-and-bolt restored 1972 Celica GT TA22. Period-correct 2T-G twin-cam with dual Mikuni-Solex side-draft carburetors. Rebuilt 5-speed manual, Hayashi Racing period wheels, Concours trophy winner in Manila. Clean LTO papers and 100-point garage inspection completed., Makati, Makati Showroom Floor, active, 4.9, 98/100, 2026-09-14 02:58:51, 2026-09-17 02:58:51, 2026-09-17 02:58:51)) {"exception":"[object] (Illuminate\\Database\\QueryException(code: 22001): SQLSTATE[22001]: String data, right truncated: 1406 Data too long for column 'vin' at row 1 (Connection: mysql, Host: 127.0.0.1, Port: 3306, Database: garage_parts_gpm, SQL: insert into `cars` (`vin`, `seller_id`, `title`, `brand`, `model`, `year`, `price`, `original_price`, `mileage_km`, `body_style`, `fuel_type`, `transmission`, `condition`, `tag`, `color`, `description`, `city`, `location`, `status`, `rating`, `inspection_score`, `published_at`, `updated_at`, `created_at`) values (TA22-0982341109823, 4, 1972 Toyota Celica GT 1600 Coupe (TA22), Toyota, Celica GT 1600, 1972, 890000, 950000, 42000, coupe, petrol, manual, used, Restored Classic, Classic Heritage Blue, Meticulously nut-and-bolt restored 1972 Celica GT TA22. Period-correct 2T-G twin-cam with dual Mikuni-Solex side-draft carburetors. Rebuilt 5-speed manual, Hayashi Racing period wheels, Concours trophy winner in Manila. Clean LTO papers and 100-point garage inspection completed., Makati, Makati Showroom Floor, active, 4.9, 98/100, 2026-09-14 02:58:51, 2026-09-17 02:58:51, 2026-09-17 02:58:51)) at C:/Users/RV Calamaya/Documents/Orlan/garage-parts-marketplace-official/backend/vendor/laravel/framework/src/Illuminate/Database/Connection.php:838)
[stacktrace]
#0 C:/Users/RV Calamaya/Documents/Orlan/garage-parts-marketplace-official/backend/vendor/laravel/framework/src/Illuminate/Database/Connection.php(794): Illuminate/Database/Connection->runQueryCallback('insert into `ca...', Array, Object(Closure))
#1 C:/Users/RV Calamaya/Documents/Orlan/garage-parts-marketplace-official/backend/vendor/laravel/framework/src/Illuminate/Database/MySqlConnection.php(42): Illuminate/Database/Connection->run('insert into `ca...', Array, Object(Closure))
#2 C:/Users/RV Calamaya/Documents/Orlan/garage-parts-marketplace-official/backend/vendor/laravel/framework/src/Illuminate/Database/Query/Processors/MySqlProcessor.php(35): Illuminate/Database/MySqlConnection->insert('insert into `ca...', Array, 'id')
#3 C:/Users/RV Calamaya/Documents/Orlan/garage-parts-marketplace-official/backend/vendor/laravel/framework/src/Illuminate/Database/Query/Builder.php(4170): Illuminate/Database/Query/Processors/MySqlProcessor->processInsertGetId(Object(Illuminate/Database/Query/Builder), 'insert into `ca...', Array, 'id')
#4 C:/Users/RV Calamaya/Documents/Orlan/garage-parts-marketplace-official/backend/vendor/laravel/framework/src/Illuminate/Database/Eloquent/Builder.php(2237): Illuminate/Database/Query/Builder->insertGetId(Array, 'id')
#5 C:/Users/RV Calamaya/Documents/Orlan/garage-parts-marketplace-official/backend/vendor/laravel/framework/src/Illuminate/Database/Eloquent/Model.php(1436): Illuminate/Database/Eloquent/Builder->__call('insertGetId', Array)
#6 C:/Users/RV Calamaya/Documents/Orlan/garage-parts-marketplace-official/backend/vendor/laravel/framework/src/Illuminate/Database/Eloquent/Model.php(1401): Illuminate/Database/Eloquent/Model->insertAndSetId(Object(Illuminate/Database/Eloquent/Builder), Array)
#7 C:/Users/RV Calamaya/Documents/Orlan/garage-parts-marketplace-official/backend/vendor/laravel/framework/src/Illuminate/Database/Eloquent/Model.php(1240): Illuminate/Database/Eloquent/Model->performInsert(Object(Illuminate/Database/Eloquent/Builder))
#8 C:/Users/RV Calamaya/Documents/Orlan/garage-parts-marketplace-official/backend/vendor/laravel/framework/src/Illuminate/Database/Eloquent/Builder.php(1219): Illuminate/Database/Eloquent/Model->save()
#9 C:/Users/RV Calamaya/Documents/Orlan/garage-parts-marketplace-official/backend/vendor/laravel/framework/src/Illuminate/Support/helpers.php(393): Illuminate/Database/Eloquent/Builder->Illuminate/Database/Eloquent/{closure}(Object(App/Models/Car))
#10 C:/Users/RV Calamaya/Documents/Orlan/garage-parts-marketplace-official/backend/vendor/laravel/framework/src/Illuminate/Database/Eloquent/Builder.php(1218): tap(Object(App/Models/Car), Object(Closure))
#11 C:/Users/RV Calamaya/Documents/Orlan/garage-parts-marketplace-official/backend/vendor/laravel/framework/src/Illuminate/Database/Eloquent/Builder.php(725): Illuminate/Database/Eloquent/Builder->create(Array)
#12 C:/Users/RV Calamaya/Documents/Orlan/garage-parts-marketplace-official/backend/vendor/laravel/framework/src/Illuminate/Database/Eloquent/Builder.php(1961): Illuminate/Database/Eloquent/Builder->Illuminate/Database/Eloquent/{closure}()
#13 C:/Users/RV Calamaya/Documents/Orlan/garage-parts-marketplace-official/backend/vendor/laravel/framework/src/Illuminate/Database/Eloquent/Builder.php(725): Illuminate/Database/Eloquent/Builder->withSavepointIfNeeded(Object(Closure))
#14 C:/Users/RV Calamaya/Documents/Orlan/garage-parts-marketplace-official/backend/vendor/laravel/framework/src/Illuminate/Database/Eloquent/Builder.php(712): Illuminate/Database/Eloquent/Builder->createOrFirst(Array, Array)
#15 C:/Users/RV Calamaya/Documents/Orlan/garage-parts-marketplace-official/backend/vendor/laravel/framework/src/Illuminate/Database/Eloquent/Builder.php(740): Illuminate/Database/Eloquent/Builder->firstOrCreate(Array, Array)
#16 C:/Users/RV Calamaya/Documents/Orlan/garage-parts-marketplace-official/backend/vendor/laravel/framework/src/Illuminate/Support/Traits/ForwardsCalls.php(23): Illuminate/Database/Eloquent/Builder->updateOrCreate(Array, Array)
#17 C:/Users/RV Calamaya/Documents/Orlan/garage-parts-marketplace-official/backend/vendor/laravel/framework/src/Illuminate/Database/Eloquent/Model.php(2544): Illuminate/Database/Eloquent/Model->forwardCallTo(Object(Illuminate/Database/Eloquent/Builder), 'updateOrCreate', Array)
#18 C:/Users/RV Calamaya/Documents/Orlan/garage-parts-marketplace-official/backend/vendor/laravel/framework/src/Illuminate/Database/Eloquent/Model.php(2560): Illuminate/Database/Eloquent/Model->__call('updateOrCreate', Array)
#19 C:/Users/RV Calamaya/Documents/Orlan/garage-parts-marketplace-official/backend/database/seeders/CarSeeder.php(399): Illuminate/Database/Eloquent/Model::__callStatic('updateOrCreate', Array)
#20 C:/Users/RV Calamaya/Documents/Orlan/garage-parts-marketplace-official/backend/vendor/laravel/framework/src/Illuminate/Container/BoundMethod.php(36): Database/Seeders/CarSeeder->run()
#21 C:/Users/RV Calamaya/Documents/Orlan/garage-parts-marketplace-official/backend/vendor/laravel/framework/src/Illuminate/Container/Util.php(43): Illuminate/Container/BoundMethod::Illuminate/Container/{closure}()
#22 C:/Users/RV Calamaya/Documents/Orlan/garage-parts-marketplace-official/backend/vendor/laravel/framework/src/Illuminate/Container/BoundMethod.php(96): Illuminate/Container/Util::unwrapIfClosure(Object(Closure))
#23 C:/Users/RV Calamaya/Documents/Orlan/garage-parts-marketplace-official/backend/vendor/laravel/framework/src/Illuminate/Container/BoundMethod.php(35): Illuminate/Container/BoundMethod::callBoundMethod(Object(Illuminate/Foundation/Application), Array, Object(Closure))
#24 C:/Users/RV Calamaya/Documents/Orlan/garage-parts-marketplace-official/backend/vendor/laravel/framework/src/Illuminate/Container/Container.php(799): Illuminate/Container/BoundMethod::call(Object(Illuminate/Foundation/Application), Array, Array, NULL)
#25 C:/Users/RV Calamaya/Documents/Orlan/garage-parts-marketplace-official/backend/vendor/laravel/framework/src/Illuminate/Database/Seeder.php(184): Illuminate/Container/Container->call(Array, Array)
#26 C:/Users/RV Calamaya/Documents/Orlan/garage-parts-marketplace-official/backend/vendor/laravel/framework/src/Illuminate/Database/Seeder.php(193): Illuminate/Database/Seeder->Illuminate/Database/{closure}()
#27 C:/Users/RV Calamaya/Documents/Orlan/garage-parts-marketplace-official/backend/vendor/laravel/framework/src/Illuminate/Database/Seeder.php(59): Illuminate/Database/Seeder->__invoke(Array)
#28 C:/Users/RV Calamaya/Documents/Orlan/garage-parts-marketplace-official/backend/database/seeders/DatabaseSeeder.php(11): Illuminate/Database/Seeder->call('Database//Seeder...')
#29 C:/Users/RV Calamaya/Documents/Orlan/garage-parts-marketplace-official/backend/vendor/laravel/framework/src/Illuminate/Container/BoundMethod.php(36): Database/Seeders/DatabaseSeeder->run()
#30 C:/Users/RV Calamaya/Documents/Orlan/garage-parts-marketplace-official/backend/vendor/laravel/framework/src/Illuminate/Container/Util.php(43): Illuminate/Container/BoundMethod::Illuminate/Container/{closure}()
#31 C:/Users/RV Calamaya/Documents/Orlan/garage-parts-marketplace-official/backend/vendor/laravel/framework/src/Illuminate/Container/BoundMethod.php(96): Illuminate/Container/Util::unwrapIfClosure(Object(Closure))
#32 C:/Users/RV Calamaya/Documents/Orlan/garage-parts-marketplace-official/backend/vendor/laravel/framework/src/Illuminate/Container/BoundMethod.php(35): Illuminate/Container/BoundMethod::callBoundMethod(Object(Illuminate/Foundation/Application), Array, Object(Closure))
#33 C:/Users/RV Calamaya/Documents/Orlan/garage-parts-marketplace-official/backend/vendor/laravel/framework/src/Illuminate/Container/Container.php(799): Illuminate/Container/BoundMethod::call(Object(Illuminate/Foundation/Application), Array, Array, NULL)
#34 C:/Users/RV Calamaya/Documents/Orlan/garage-parts-marketplace-official/backend/vendor/laravel/framework/src/Illuminate/Database/Seeder.php(184): Illuminate/Container/Container->call(Array, Array)
#35 C:/Users/RV Calamaya/Documents/Orlan/garage-parts-marketplace-official/backend/vendor/laravel/framework/src/Illuminate/Database/Seeder.php(193): Illuminate/Database/Seeder->Illuminate/Database/{closure}()
#36 C:/Users/RV Calamaya/Documents/Orlan/garage-parts-marketplace-official/backend/vendor/laravel/framework/src/Illuminate/Database/Console/Seeds/SeedCommand.php(71): Illuminate/Database/Seeder->__invoke()
#37 C:/Users/RV Calamaya/Documents/Orlan/garage-parts-marketplace-official/backend/vendor/laravel/framework/src/Illuminate/Database/Eloquent/Concerns/GuardsAttributes.php(157): Illuminate/Database/Console/Seeds/SeedCommand->Illuminate/Database/Console/Seeds/{closure}()
#38 C:/Users/RV Calamaya/Documents/Orlan/garage-parts-marketplace-official/backend/vendor/laravel/framework/src/Illuminate/Database/Console/Seeds/SeedCommand.php(70): Illuminate/Database/Eloquent/Model::unguarded(Object(Closure))
#39 C:/Users/RV Calamaya/Documents/Orlan/garage-parts-marketplace-official/backend/vendor/laravel/framework/src/Illuminate/Container/BoundMethod.php(36): Illuminate/Database/Console/Seeds/SeedCommand->handle()
#40 C:/Users/RV Calamaya/Documents/Orlan/garage-parts-marketplace-official/backend/vendor/laravel/framework/src/Illuminate/Container/Util.php(43): Illuminate/Container/BoundMethod::Illuminate/Container/{closure}()
#41 C:/Users/RV Calamaya/Documents/Orlan/garage-parts-marketplace-official/backend/vendor/laravel/framework/src/Illuminate/Container/BoundMethod.php(96): Illuminate/Container/Util::unwrapIfClosure(Object(Closure))
#42 C:/Users/RV Calamaya/Documents/Orlan/garage-parts-marketplace-official/backend/vendor/laravel/framework/src/Illuminate/Container/BoundMethod.php(35): Illuminate/Container/BoundMethod::callBoundMethod(Object(Illuminate/Foundation/Application), Array, Object(Closure))
#43 C:/Users/RV Calamaya/Documents/Orlan/garage-parts-marketplace-official/backend/vendor/laravel/framework/src/Illuminate/Container/Container.php(799): Illuminate/Container/BoundMethod::call(Object(Illuminate/Foundation/Application), Array, Array, NULL)
#44 C:/Users/RV Calamaya/Documents/Orlan/garage-parts-marketplace-official/backend/vendor/laravel/framework/src/Illuminate/Console/Command.php(211): Illuminate/Container/Container->call(Array)
#45 C:/Users/RV Calamaya/Documents/Orlan/garage-parts-marketplace-official/backend/vendor/symfony/console/Command/Command.php(341): Illuminate/Console/Command->execute(Object(Symfony/Component/Console/Input/ArrayInput), Object(Illuminate/Console/OutputStyle))
#46 C:/Users/RV Calamaya/Documents/Orlan/garage-parts-marketplace-official/backend/vendor/laravel/framework/src/Illuminate/Console/Command.php(180): Symfony/Component/Console/Command/Command->run(Object(Symfony/Component/Console/Input/ArrayInput), Object(Illuminate/Console/OutputStyle))
#47 C:/Users/RV Calamaya/Documents/Orlan/garage-parts-marketplace-official/backend/vendor/laravel/framework/src/Illuminate/Console/Concerns/CallsCommands.php(68): Illuminate/Console/Command->run(Object(Symfony/Component/Console/Input/ArrayInput), Object(Illuminate/Console/OutputStyle))
#48 C:/Users/RV Calamaya/Documents/Orlan/garage-parts-marketplace-official/backend/vendor/laravel/framework/src/Illuminate/Console/Concerns/CallsCommands.php(29): Illuminate/Console/Command->runCommand('db:seed', Array, Object(Illuminate/Console/OutputStyle))
#49 C:/Users/RV Calamaya/Documents/Orlan/garage-parts-marketplace-official/backend/vendor/laravel/framework/src/Illuminate/Database/Console/Migrations/MigrateCommand.php(125): Illuminate/Console/Command->call('db:seed', Array)
#50 C:/Users/RV Calamaya/Documents/Orlan/garage-parts-marketplace-official/backend/vendor/laravel/framework/src/Illuminate/Database/Migrations/Migrator.php(671): Illuminate/Database/Console/Migrations/MigrateCommand->Illuminate/Database/Console/Migrations/{closure}()
#51 C:/Users/RV Calamaya/Documents/Orlan/garage-parts-marketplace-official/backend/vendor/laravel/framework/src/Illuminate/Database/Console/Migrations/MigrateCommand.php(109): Illuminate/Database/Migrations/Migrator->usingConnection(NULL, Object(Closure))
#52 C:/Users/RV Calamaya/Documents/Orlan/garage-parts-marketplace-official/backend/vendor/laravel/framework/src/Illuminate/Database/Console/Migrations/MigrateCommand.php(88): Illuminate/Database/Console/Migrations/MigrateCommand->runMigrations()
#53 C:/Users/RV Calamaya/Documents/Orlan/garage-parts-marketplace-official/backend/vendor/laravel/framework/src/Illuminate/Container/BoundMethod.php(36): Illuminate/Database/Console/Migrations/MigrateCommand->handle()
#54 C:/Users/RV Calamaya/Documents/Orlan/garage-parts-marketplace-official/backend/vendor/laravel/framework/src/Illuminate/Container/Util.php(43): Illuminate/Container/BoundMethod::Illuminate/Container/{closure}()
#55 C:/Users/RV Calamaya/Documents/Orlan/garage-parts-marketplace-official/backend/vendor/laravel/framework/src/Illuminate/Container/BoundMethod.php(96): Illuminate/Container/Util::unwrapIfClosure(Object(Closure))
#56 C:/Users/RV Calamaya/Documents/Orlan/garage-parts-marketplace-official/backend/vendor/laravel/framework/src/Illuminate/Container/BoundMethod.php(35): Illuminate/Container/BoundMethod::callBoundMethod(Object(Illuminate/Foundation/Application), Array, Object(Closure))
#57 C:/Users/RV Calamaya/Documents/Orlan/garage-parts-marketplace-official/backend/vendor/laravel/framework/src/Illuminate/Container/Container.php(799): Illuminate/Container/BoundMethod::call(Object(Illuminate/Foundation/Application), Array, Array, NULL)
#58 C:/Users/RV Calamaya/Documents/Orlan/garage-parts-marketplace-official/backend/vendor/laravel/framework/src/Illuminate/Console/Command.php(211): Illuminate/Container/Container->call(Array)
#59 C:/Users/RV Calamaya/Documents/Orlan/garage-parts-marketplace-official/backend/vendor/symfony/console/Command/Command.php(341): Illuminate/Console/Command->execute(Object(Symfony/Component/Console/Input/ArgvInput), Object(Illuminate/Console/OutputStyle))
#60 C:/Users/RV Calamaya/Documents/Orlan/garage-parts-marketplace-official/backend/vendor/laravel/framework/src/Illuminate/Console/Command.php(180): Symfony/Component/Console/Command/Command->run(Object(Symfony/Component/Console/Input/ArgvInput), Object(Illuminate/Console/OutputStyle))
#61 C:/Users/RV Calamaya/Documents/Orlan/garage-parts-marketplace-official/backend/vendor/symfony/console/Application.php(1117): Illuminate/Console/Command->run(Object(Symfony/Component/Console/Input/ArgvInput), Object(Symfony/Component/Console/Output/ConsoleOutput))
#62 C:/Users/RV Calamaya/Documents/Orlan/garage-parts-marketplace-official/backend/vendor/symfony/console/Application.php(356): Symfony/Component/Console/Application->doRunCommand(Object(Illuminate/Database/Console/Migrations/MigrateCommand), Object(Symfony/Component/Console/Input/ArgvInput), Object(Symfony/Component/Console/Output/ConsoleOutput))
#63 C:/Users/RV Calamaya/Documents/Orlan/garage-parts-marketplace-official/backend/vendor/symfony/console/Application.php(195): Symfony/Component/Console/Application->doRun(Object(Symfony/Component/Console/Input/ArgvInput), Object(Symfony/Component/Console/Output/ConsoleOutput))
#64 C:/Users/RV Calamaya/Documents/Orlan/garage-parts-marketplace-official/backend/vendor/laravel/framework/src/Illuminate/Foundation/Console/Kernel.php(198): Symfony/Component/Console/Application->run(Object(Symfony/Component/Console/Input/ArgvInput), Object(Symfony/Component/Console/Output/ConsoleOutput))
#65 C:/Users/RV Calamaya/Documents/Orlan/garage-parts-marketplace-official/backend/vendor/laravel/framework/src/Illuminate/Foundation/Application.php(1235): Illuminate/Foundation/Console/Kernel->handle(Object(Symfony/Component/Console/Input/ArgvInput), Object(Symfony/Component/Console/Output/ConsoleOutput))
#66 C:/Users/RV Calamaya/Documents/Orlan/garage-parts-marketplace-official/backend/artisan(15): Illuminate/Foundation/Application->handleCommand(Object(Symfony/Component/Console/Input/ArgvInput))
#67 {main}

[previous exception] [object] (PDOException(code: 22001): SQLSTATE[22001]: String data, right truncated: 1406 Data too long for column 'vin' at row 1 at C:/Users/RV Calamaya/Documents/Orlan/garage-parts-marketplace-official/backend/vendor/laravel/framework/src/Illuminate/Database/MySqlConnection.php:53)
[stacktrace]
#0 C:/Users/RV Calamaya/Documents/Orlan/garage-parts-marketplace-official/backend/vendor/laravel/framework/src/Illuminate/Database/MySqlConnection.php(53): PDOStatement->execute()
#1 C:/Users/RV Calamaya/Documents/Orlan/garage-parts-marketplace-official/backend/vendor/laravel/framework/src/Illuminate/Database/Connection.php(827): Illuminate/Database/MySqlConnection->Illuminate/Database/{closure}('insert into `ca...', Array)
#2 C:/Users/RV Calamaya/Documents/Orlan/garage-parts-marketplace-official/backend/vendor/laravel/framework/src/Illuminate/Database/Connection.php(794): Illuminate/Database/Connection->runQueryCallback('insert into `ca...', Array, Object(Closure))
#3 C:/Users/RV Calamaya/Documents/Orlan/garage-parts-marketplace-official/backend/vendor/laravel/framework/src/Illuminate/Database/MySqlConnection.php(42): Illuminate/Database/Connection->run('insert into `ca...', Array, Object(Closure))
#4 C:/Users/RV Calamaya/Documents/Orlan/garage-parts-marketplace-official/backend/vendor/laravel/framework/src/Illuminate/Database/Query/Processors/MySqlProcessor.php(35): Illuminate/Database/MySqlConnection->insert('insert into `ca...', Array, 'id')
#5 C:/Users/RV Calamaya/Documents/Orlan/garage-parts-marketplace-official/backend/vendor/laravel/framework/src/Illuminate/Database/Query/Builder.php(4170): Illuminate/Database/Query/Processors/MySqlProcessor->processInsertGetId(Object(Illuminate/Database/Query/Builder), 'insert into `ca...', Array, 'id')
#6 C:/Users/RV Calamaya/Documents/Orlan/garage-parts-marketplace-official/backend/vendor/laravel/framework/src/Illuminate/Database/Eloquent/Builder.php(2237): Illuminate/Database/Query/Builder->insertGetId(Array, 'id')
#7 C:/Users/RV Calamaya/Documents/Orlan/garage-parts-marketplace-official/backend/vendor/laravel/framework/src/Illuminate/Database/Eloquent/Model.php(1436): Illuminate/Database/Eloquent/Builder->__call('insertGetId', Array)
#8 C:/Users/RV Calamaya/Documents/Orlan/garage-parts-marketplace-official/backend/vendor/laravel/framework/src/Illuminate/Database/Eloquent/Model.php(1401): Illuminate/Database/Eloquent/Model->insertAndSetId(Object(Illuminate/Database/Eloquent/Builder), Array)
#9 C:/Users/RV Calamaya/Documents/Orlan/garage-parts-marketplace-official/backend/vendor/laravel/framework/src/Illuminate/Database/Eloquent/Model.php(1240): Illuminate/Database/Eloquent/Model->performInsert(Object(Illuminate/Database/Eloquent/Builder))
#10 C:/Users/RV Calamaya/Documents/Orlan/garage-parts-marketplace-official/backend/vendor/laravel/framework/src/Illuminate/Database/Eloquent/Builder.php(1219): Illuminate/Database/Eloquent/Model->save()
#11 C:/Users/RV Calamaya/Documents/Orlan/garage-parts-marketplace-official/backend/vendor/laravel/framework/src/Illuminate/Support/helpers.php(393): Illuminate/Database/Eloquent/Builder->Illuminate/Database/Eloquent/{closure}(Object(App/Models/Car))
#12 C:/Users/RV Calamaya/Documents/Orlan/garage-parts-marketplace-official/backend/vendor/laravel/framework/src/Illuminate/Database/Eloquent/Builder.php(1218): tap(Object(App/Models/Car), Object(Closure))
#13 C:/Users/RV Calamaya/Documents/Orlan/garage-parts-marketplace-official/backend/vendor/laravel/framework/src/Illuminate/Database/Eloquent/Builder.php(725): Illuminate/Database/Eloquent/Builder->create(Array)
#14 C:/Users/RV Calamaya/Documents/Orlan/garage-parts-marketplace-official/backend/vendor/laravel/framework/src/Illuminate/Database/Eloquent/Builder.php(1961): Illuminate/Database/Eloquent/Builder->Illuminate/Database/Eloquent/{closure}()
#15 C:/Users/RV Calamaya/Documents/Orlan/garage-parts-marketplace-official/backend/vendor/laravel/framework/src/Illuminate/Database/Eloquent/Builder.php(725): Illuminate/Database/Eloquent/Builder->withSavepointIfNeeded(Object(Closure))
#16 C:/Users/RV Calamaya/Documents/Orlan/garage-parts-marketplace-official/backend/vendor/laravel/framework/src/Illuminate/Database/Eloquent/Builder.php(712): Illuminate/Database/Eloquent/Builder->createOrFirst(Array, Array)
#17 C:/Users/RV Calamaya/Documents/Orlan/garage-parts-marketplace-official/backend/vendor/laravel/framework/src/Illuminate/Database/Eloquent/Builder.php(740): Illuminate/Database/Eloquent/Builder->firstOrCreate(Array, Array)
#18 C:/Users/RV Calamaya/Documents/Orlan/garage-parts-marketplace-official/backend/vendor/laravel/framework/src/Illuminate/Support/Traits/ForwardsCalls.php(23): Illuminate/Database/Eloquent/Builder->updateOrCreate(Array, Array)
#19 C:/Users/RV Calamaya/Documents/Orlan/garage-parts-marketplace-official/backend/vendor/laravel/framework/src/Illuminate/Database/Eloquent/Model.php(2544): Illuminate/Database/Eloquent/Model->forwardCallTo(Object(Illuminate/Database/Eloquent/Builder), 'updateOrCreate', Array)
#20 C:/Users/RV Calamaya/Documents/Orlan/garage-parts-marketplace-official/backend/vendor/laravel/framework/src/Illuminate/Database/Eloquent/Model.php(2560): Illuminate/Database/Eloquent/Model->__call('updateOrCreate', Array)
#21 C:/Users/RV Calamaya/Documents/Orlan/garage-parts-marketplace-official/backend/database/seeders/CarSeeder.php(399): Illuminate/Database/Eloquent/Model::__callStatic('updateOrCreate', Array)
#22 C:/Users/RV Calamaya/Documents/Orlan/garage-parts-marketplace-official/backend/vendor/laravel/framework/src/Illuminate/Container/BoundMethod.php(36): Database/Seeders/CarSeeder->run()
#23 C:/Users/RV Calamaya/Documents/Orlan/garage-parts-marketplace-official/backend/vendor/laravel/framework/src/Illuminate/Container/Util.php(43): Illuminate/Container/BoundMethod::Illuminate/Container/{closure}()
#24 C:/Users/RV Calamaya/Documents/Orlan/garage-parts-marketplace-official/backend/vendor/laravel/framework/src/Illuminate/Container/BoundMethod.php(96): Illuminate/Container/Util::unwrapIfClosure(Object(Closure))
#25 C:/Users/RV Calamaya/Documents/Orlan/garage-parts-marketplace-official/backend/vendor/laravel/framework/src/Illuminate/Container/BoundMethod.php(35): Illuminate/Container/BoundMethod::callBoundMethod(Object(Illuminate/Foundation/Application), Array, Object(Closure))
#26 C:/Users/RV Calamaya/Documents/Orlan/garage-parts-marketplace-official/backend/vendor/laravel/framework/src/Illuminate/Container/Container.php(799): Illuminate/Container/BoundMethod::call(Object(Illuminate/Foundation/Application), Array, Array, NULL)
#27 C:/Users/RV Calamaya/Documents/Orlan/garage-parts-marketplace-official/backend/vendor/laravel/framework/src/Illuminate/Database/Seeder.php(184): Illuminate/Container/Container->call(Array, Array)
#28 C:/Users/RV Calamaya/Documents/Orlan/garage-parts-marketplace-official/backend/vendor/laravel/framework/src/Illuminate/Database/Seeder.php(193): Illuminate/Database/Seeder->Illuminate/Database/{closure}()
#29 C:/Users/RV Calamaya/Documents/Orlan/garage-parts-marketplace-official/backend/vendor/laravel/framework/src/Illuminate/Database/Seeder.php(59): Illuminate/Database/Seeder->__invoke(Array)
#30 C:/Users/RV Calamaya/Documents/Orlan/garage-parts-marketplace-official/backend/database/seeders/DatabaseSeeder.php(11): Illuminate/Database/Seeder->call('Database//Seeder...')
#31 C:/Users/RV Calamaya/Documents/Orlan/garage-parts-marketplace-official/backend/vendor/laravel/framework/src/Illuminate/Container/BoundMethod.php(36): Database/Seeders/DatabaseSeeder->run()
#32 C:/Users/RV Calamaya/Documents/Orlan/garage-parts-marketplace-official/backend/vendor/laravel/framework/src/Illuminate/Container/Util.php(43): Illuminate/Container/BoundMethod::Illuminate/Container/{closure}()
#33 C:/Users/RV Calamaya/Documents/Orlan/garage-parts-marketplace-official/backend/vendor/laravel/framework/src/Illuminate/Container/BoundMethod.php(96): Illuminate/Container/Util::unwrapIfClosure(Object(Closure))
#34 C:/Users/RV Calamaya/Documents/Orlan/garage-parts-marketplace-official/backend/vendor/laravel/framework/src/Illuminate/Container/BoundMethod.php(35): Illuminate/Container/BoundMethod::callBoundMethod(Object(Illuminate/Foundation/Application), Array, Object(Closure))
#35 C:/Users/RV Calamaya/Documents/Orlan/garage-parts-marketplace-official/backend/vendor/laravel/framework/src/Illuminate/Container/Container.php(799): Illuminate/Container/BoundMethod::call(Object(Illuminate/Foundation/Application), Array, Array, NULL)
#36 C:/Users/RV Calamaya/Documents/Orlan/garage-parts-marketplace-official/backend/vendor/laravel/framework/src/Illuminate/Database/Seeder.php(184): Illuminate/Container/Container->call(Array, Array)
#37 C:/Users/RV Calamaya/Documents/Orlan/garage-parts-marketplace-official/backend/vendor/laravel/framework/src/Illuminate/Database/Seeder.php(193): Illuminate/Database/Seeder->Illuminate/Database/{closure}()
#38 C:/Users/RV Calamaya/Documents/Orlan/garage-parts-marketplace-official/backend/vendor/laravel/framework/src/Illuminate/Database/Console/Seeds/SeedCommand.php(71): Illuminate/Database/Seeder->__invoke()
#39 C:/Users/RV Calamaya/Documents/Orlan/garage-parts-marketplace-official/backend/vendor/laravel/framework/src/Illuminate/Database/Eloquent/Concerns/GuardsAttributes.php(157): Illuminate/Database/Console/Seeds/SeedCommand->Illuminate/Database/Console/Seeds/{closure}()
#40 C:/Users/RV Calamaya/Documents/Orlan/garage-parts-marketplace-official/backend/vendor/laravel/framework/src/Illuminate/Database/Console/Seeds/SeedCommand.php(70): Illuminate/Database/Eloquent/Model::unguarded(Object(Closure))
#41 C:/Users/RV Calamaya/Documents/Orlan/garage-parts-marketplace-official/backend/vendor/laravel/framework/src/Illuminate/Container/BoundMethod.php(36): Illuminate/Database/Console/Seeds/SeedCommand->handle()
#42 C:/Users/RV Calamaya/Documents/Orlan/garage-parts-marketplace-official/backend/vendor/laravel/framework/src/Illuminate/Container/Util.php(43): Illuminate/Container/BoundMethod::Illuminate/Container/{closure}()
#43 C:/Users/RV Calamaya/Documents/Orlan/garage-parts-marketplace-official/backend/vendor/laravel/framework/src/Illuminate/Container/BoundMethod.php(96): Illuminate/Container/Util::unwrapIfClosure(Object(Closure))
#44 C:/Users/RV Calamaya/Documents/Orlan/garage-parts-marketplace-official/backend/vendor/laravel/framework/src/Illuminate/Container/BoundMethod.php(35): Illuminate/Container/BoundMethod::callBoundMethod(Object(Illuminate/Foundation/Application), Array, Object(Closure))
#45 C:/Users/RV Calamaya/Documents/Orlan/garage-parts-marketplace-official/backend/vendor/laravel/framework/src/Illuminate/Container/Container.php(799): Illuminate/Container/BoundMethod::call(Object(Illuminate/Foundation/Application), Array, Array, NULL)
#46 C:/Users/RV Calamaya/Documents/Orlan/garage-parts-marketplace-official/backend/vendor/laravel/framework/src/Illuminate/Console/Command.php(211): Illuminate/Container/Container->call(Array)
#47 C:/Users/RV Calamaya/Documents/Orlan/garage-parts-marketplace-official/backend/vendor/symfony/console/Command/Command.php(341): Illuminate/Console/Command->execute(Object(Symfony/Component/Console/Input/ArrayInput), Object(Illuminate/Console/OutputStyle))
#48 C:/Users/RV Calamaya/Documents/Orlan/garage-parts-marketplace-official/backend/vendor/laravel/framework/src/Illuminate/Console/Command.php(180): Symfony/Component/Console/Command/Command->run(Object(Symfony/Component/Console/Input/ArrayInput), Object(Illuminate/Console/OutputStyle))
#49 C:/Users/RV Calamaya/Documents/Orlan/garage-parts-marketplace-official/backend/vendor/laravel/framework/src/Illuminate/Console/Concerns/CallsCommands.php(68): Illuminate/Console/Command->run(Object(Symfony/Component/Console/Input/ArrayInput), Object(Illuminate/Console/OutputStyle))
#50 C:/Users/RV Calamaya/Documents/Orlan/garage-parts-marketplace-official/backend/vendor/laravel/framework/src/Illuminate/Console/Concerns/CallsCommands.php(29): Illuminate/Console/Command->runCommand('db:seed', Array, Object(Illuminate/Console/OutputStyle))
#51 C:/Users/RV Calamaya/Documents/Orlan/garage-parts-marketplace-official/backend/vendor/laravel/framework/src/Illuminate/Database/Console/Migrations/MigrateCommand.php(125): Illuminate/Console/Command->call('db:seed', Array)
#52 C:/Users/RV Calamaya/Documents/Orlan/garage-parts-marketplace-official/backend/vendor/laravel/framework/src/Illuminate/Database/Migrations/Migrator.php(671): Illuminate/Database/Console/Migrations/MigrateCommand->Illuminate/Database/Console/Migrations/{closure}()
#53 C:/Users/RV Calamaya/Documents/Orlan/garage-parts-marketplace-official/backend/vendor/laravel/framework/src/Illuminate/Database/Console/Migrations/MigrateCommand.php(109): Illuminate/Database/Migrations/Migrator->usingConnection(NULL, Object(Closure))
#54 C:/Users/RV Calamaya/Documents/Orlan/garage-parts-marketplace-official/backend/vendor/laravel/framework/src/Illuminate/Database/Console/Migrations/MigrateCommand.php(88): Illuminate/Database/Console/Migrations/MigrateCommand->runMigrations()
#55 C:/Users/RV Calamaya/Documents/Orlan/garage-parts-marketplace-official/backend/vendor/laravel/framework/src/Illuminate/Container/BoundMethod.php(36): Illuminate/Database/Console/Migrations/MigrateCommand->handle()
#56 C:/Users/RV Calamaya/Documents/Orlan/garage-parts-marketplace-official/backend/vendor/laravel/framework/src/Illuminate/Container/Util.php(43): Illuminate/Container/BoundMethod::Illuminate/Container/{closure}()
#57 C:/Users/RV Calamaya/Documents/Orlan/garage-parts-marketplace-official/backend/vendor/laravel/framework/src/Illuminate/Container/BoundMethod.php(96): Illuminate/Container/Util::unwrapIfClosure(Object(Closure))
#58 C:/Users/RV Calamaya/Documents/Orlan/garage-parts-marketplace-official/backend/vendor/laravel/framework/src/Illuminate/Container/BoundMethod.php(35): Illuminate/Container/BoundMethod::callBoundMethod(Object(Illuminate/Foundation/Application), Array, Object(Closure))
#59 C:/Users/RV Calamaya/Documents/Orlan/garage-parts-marketplace-official/backend/vendor/laravel/framework/src/Illuminate/Container/Container.php(799): Illuminate/Container/BoundMethod::call(Object(Illuminate/Foundation/Application), Array, Array, NULL)
#60 C:/Users/RV Calamaya/Documents/Orlan/garage-parts-marketplace-official/backend/vendor/laravel/framework/src/Illuminate/Console/Command.php(211): Illuminate/Container/Container->call(Array)
#61 C:/Users/RV Calamaya/Documents/Orlan/garage-parts-marketplace-official/backend/vendor/symfony/console/Command/Command.php(341): Illuminate/Console/Command->execute(Object(Symfony/Component/Console/Input/ArgvInput), Object(Illuminate/Console/OutputStyle))
#62 C:/Users/RV Calamaya/Documents/Orlan/garage-parts-marketplace-official/backend/vendor/laravel/framework/src/Illuminate/Console/Command.php(180): Symfony/Component/Console/Command/Command->run(Object(Symfony/Component/Console/Input/ArgvInput), Object(Illuminate/Console/OutputStyle))
#63 C:/Users/RV Calamaya/Documents/Orlan/garage-parts-marketplace-official/backend/vendor/symfony/console/Application.php(1117): Illuminate/Console/Command->run(Object(Symfony/Component/Console/Input/ArgvInput), Object(Symfony/Component/Console/Output/ConsoleOutput))
#64 C:/Users/RV Calamaya/Documents/Orlan/garage-parts-marketplace-official/backend/vendor/symfony/console/Application.php(356): Symfony/Component/Console/Application->doRunCommand(Object(Illuminate/Database/Console/Migrations/MigrateCommand), Object(Symfony/Component/Console/Input/ArgvInput), Object(Symfony/Component/Console/Output/ConsoleOutput))
#65 C:/Users/RV Calamaya/Documents/Orlan/garage-parts-marketplace-official/backend/vendor/symfony/console/Application.php(195): Symfony/Component/Console/Application->doRun(Object(Symfony/Component/Console/Input/ArgvInput), Object(Symfony/Component/Console/Output/ConsoleOutput))
#66 C:/Users/RV Calamaya/Documents/Orlan/garage-parts-marketplace-official/backend/vendor/laravel/framework/src/Illuminate/Foundation/Console/Kernel.php(198): Symfony/Component/Console/Application->run(Object(Symfony/Component/Console/Input/ArgvInput), Object(Symfony/Component/Console/Output/ConsoleOutput))
#67 C:/Users/RV Calamaya/Documents/Orlan/garage-parts-marketplace-official/backend/vendor/laravel/framework/src/Illuminate/Foundation/Application.php(1235): Illuminate/Foundation/Console/Kernel->handle(Object(Symfony/Component/Console/Input/ArgvInput), Object(Symfony/Component/Console/Output/ConsoleOutput))
#68 C:/Users/RV Calamaya/Documents/Orlan/garage-parts-marketplace-official/backend/artisan(15): Illuminate/Foundation/Application->handleCommand(Object(Symfony/Component/Console/Input/ArgvInput))
#69 {main}
"} 
[2026-09-17 02:59:12] local.ERROR: SQLSTATE[22001]: String data, right truncated: 1406 Data too long for column 'vin' at row 1 (Connection: mysql, Host: 127.0.0.1, Port: 3306, Database: garage_parts_gpm, SQL: insert into `cars` (`vin`, `seller_id`, `title`, `brand`, `model`, `year`, `price`, `original_price`, `mileage_km`, `body_style`, `fuel_type`, `transmission`, `condition`, `tag`, `color`, `description`, `city`, `location`, `status`, `rating`, `inspection_score`, `published_at`, `updated_at`, `created_at`) values (SE3P-1098234190823, 3, 2004 Mazda RX-8 Type-S 6-Speed Renesis Rotary, Mazda, RX-8 Type-S 6-Spd, 2004, 540000, 590000, 74000, coupe, petrol, manual, used, Rotary Fresh Apex, Velocity Red Mica, Fresh apex seals rebuilt by accredited rotary specialist in Cebu. Starts instantly hot and cold with 8.5 bar compression on both rotors. Bilstein B14 coilovers, Enkei RPF1 18" wheels, and AutoExe catback exhaust., Davao, Davao Hub, active, 4.7, 95/100, 2026-09-07 02:59:12, 2026-09-17 02:59:12, 2026-09-17 02:59:12)) {"exception":"[object] (Illuminate\\Database\\QueryException(code: 22001): SQLSTATE[22001]: String data, right truncated: 1406 Data too long for column 'vin' at row 1 (Connection: mysql, Host: 127.0.0.1, Port: 3306, Database: garage_parts_gpm, SQL: insert into `cars` (`vin`, `seller_id`, `title`, `brand`, `model`, `year`, `price`, `original_price`, `mileage_km`, `body_style`, `fuel_type`, `transmission`, `condition`, `tag`, `color`, `description`, `city`, `location`, `status`, `rating`, `inspection_score`, `published_at`, `updated_at`, `created_at`) values (SE3P-1098234190823, 3, 2004 Mazda RX-8 Type-S 6-Speed Renesis Rotary, Mazda, RX-8 Type-S 6-Spd, 2004, 540000, 590000, 74000, coupe, petrol, manual, used, Rotary Fresh Apex, Velocity Red Mica, Fresh apex seals rebuilt by accredited rotary specialist in Cebu. Starts instantly hot and cold with 8.5 bar compression on both rotors. Bilstein B14 coilovers, Enkei RPF1 18\" wheels, and AutoExe catback exhaust., Davao, Davao Hub, active, 4.7, 95/100, 2026-09-07 02:59:12, 2026-09-17 02:59:12, 2026-09-17 02:59:12)) at C:/Users/RV Calamaya/Documents/Orlan/garage-parts-marketplace-official/backend/vendor/laravel/framework/src/Illuminate/Database/Connection.php:838)
[stacktrace]
#0 C:/Users/RV Calamaya/Documents/Orlan/garage-parts-marketplace-official/backend/vendor/laravel/framework/src/Illuminate/Database/Connection.php(794): Illuminate/Database/Connection->runQueryCallback('insert into `ca...', Array, Object(Closure))
#1 C:/Users/RV Calamaya/Documents/Orlan/garage-parts-marketplace-official/backend/vendor/laravel/framework/src/Illuminate/Database/MySqlConnection.php(42): Illuminate/Database/Connection->run('insert into `ca...', Array, Object(Closure))
#2 C:/Users/RV Calamaya/Documents/Orlan/garage-parts-marketplace-official/backend/vendor/laravel/framework/src/Illuminate/Database/Query/Processors/MySqlProcessor.php(35): Illuminate/Database/MySqlConnection->insert('insert into `ca...', Array, 'id')
#3 C:/Users/RV Calamaya/Documents/Orlan/garage-parts-marketplace-official/backend/vendor/laravel/framework/src/Illuminate/Database/Query/Builder.php(4170): Illuminate/Database/Query/Processors/MySqlProcessor->processInsertGetId(Object(Illuminate/Database/Query/Builder), 'insert into `ca...', Array, 'id')
#4 C:/Users/RV Calamaya/Documents/Orlan/garage-parts-marketplace-official/backend/vendor/laravel/framework/src/Illuminate/Database/Eloquent/Builder.php(2237): Illuminate/Database/Query/Builder->insertGetId(Array, 'id')
#5 C:/Users/RV Calamaya/Documents/Orlan/garage-parts-marketplace-official/backend/vendor/laravel/framework/src/Illuminate/Database/Eloquent/Model.php(1436): Illuminate/Database/Eloquent/Builder->__call('insertGetId', Array)
#6 C:/Users/RV Calamaya/Documents/Orlan/garage-parts-marketplace-official/backend/vendor/laravel/framework/src/Illuminate/Database/Eloquent/Model.php(1401): Illuminate/Database/Eloquent/Model->insertAndSetId(Object(Illuminate/Database/Eloquent/Builder), Array)
#7 C:/Users/RV Calamaya/Documents/Orlan/garage-parts-marketplace-official/backend/vendor/laravel/framework/src/Illuminate/Database/Eloquent/Model.php(1240): Illuminate/Database/Eloquent/Model->performInsert(Object(Illuminate/Database/Eloquent/Builder))
#8 C:/Users/RV Calamaya/Documents/Orlan/garage-parts-marketplace-official/backend/vendor/laravel/framework/src/Illuminate/Database/Eloquent/Builder.php(1219): Illuminate/Database/Eloquent/Model->save()
#9 C:/Users/RV Calamaya/Documents/Orlan/garage-parts-marketplace-official/backend/vendor/laravel/framework/src/Illuminate/Support/helpers.php(393): Illuminate/Database/Eloquent/Builder->Illuminate/Database/Eloquent/{closure}(Object(App/Models/Car))
#10 C:/Users/RV Calamaya/Documents/Orlan/garage-parts-marketplace-official/backend/vendor/laravel/framework/src/Illuminate/Database/Eloquent/Builder.php(1218): tap(Object(App/Models/Car), Object(Closure))
#11 C:/Users/RV Calamaya/Documents/Orlan/garage-parts-marketplace-official/backend/vendor/laravel/framework/src/Illuminate/Database/Eloquent/Builder.php(725): Illuminate/Database/Eloquent/Builder->create(Array)
#12 C:/Users/RV Calamaya/Documents/Orlan/garage-parts-marketplace-official/backend/vendor/laravel/framework/src/Illuminate/Database/Eloquent/Builder.php(1961): Illuminate/Database/Eloquent/Builder->Illuminate/Database/Eloquent/{closure}()
#13 C:/Users/RV Calamaya/Documents/Orlan/garage-parts-marketplace-official/backend/vendor/laravel/framework/src/Illuminate/Database/Eloquent/Builder.php(725): Illuminate/Database/Eloquent/Builder->withSavepointIfNeeded(Object(Closure))
#14 C:/Users/RV Calamaya/Documents/Orlan/garage-parts-marketplace-official/backend/vendor/laravel/framework/src/Illuminate/Database/Eloquent/Builder.php(712): Illuminate/Database/Eloquent/Builder->createOrFirst(Array, Array)
#15 C:/Users/RV Calamaya/Documents/Orlan/garage-parts-marketplace-official/backend/vendor/laravel/framework/src/Illuminate/Database/Eloquent/Builder.php(740): Illuminate/Database/Eloquent/Builder->firstOrCreate(Array, Array)
#16 C:/Users/RV Calamaya/Documents/Orlan/garage-parts-marketplace-official/backend/vendor/laravel/framework/src/Illuminate/Support/Traits/ForwardsCalls.php(23): Illuminate/Database/Eloquent/Builder->updateOrCreate(Array, Array)
#17 C:/Users/RV Calamaya/Documents/Orlan/garage-parts-marketplace-official/backend/vendor/laravel/framework/src/Illuminate/Database/Eloquent/Model.php(2544): Illuminate/Database/Eloquent/Model->forwardCallTo(Object(Illuminate/Database/Eloquent/Builder), 'updateOrCreate', Array)
#18 C:/Users/RV Calamaya/Documents/Orlan/garage-parts-marketplace-official/backend/vendor/laravel/framework/src/Illuminate/Database/Eloquent/Model.php(2560): Illuminate/Database/Eloquent/Model->__call('updateOrCreate', Array)
#19 C:/Users/RV Calamaya/Documents/Orlan/garage-parts-marketplace-official/backend/database/seeders/CarSeeder.php(399): Illuminate/Database/Eloquent/Model::__callStatic('updateOrCreate', Array)
#20 C:/Users/RV Calamaya/Documents/Orlan/garage-parts-marketplace-official/backend/vendor/laravel/framework/src/Illuminate/Container/BoundMethod.php(36): Database/Seeders/CarSeeder->run()
#21 C:/Users/RV Calamaya/Documents/Orlan/garage-parts-marketplace-official/backend/vendor/laravel/framework/src/Illuminate/Container/Util.php(43): Illuminate/Container/BoundMethod::Illuminate/Container/{closure}()
#22 C:/Users/RV Calamaya/Documents/Orlan/garage-parts-marketplace-official/backend/vendor/laravel/framework/src/Illuminate/Container/BoundMethod.php(96): Illuminate/Container/Util::unwrapIfClosure(Object(Closure))
#23 C:/Users/RV Calamaya/Documents/Orlan/garage-parts-marketplace-official/backend/vendor/laravel/framework/src/Illuminate/Container/BoundMethod.php(35): Illuminate/Container/BoundMethod::callBoundMethod(Object(Illuminate/Foundation/Application), Array, Object(Closure))
#24 C:/Users/RV Calamaya/Documents/Orlan/garage-parts-marketplace-official/backend/vendor/laravel/framework/src/Illuminate/Container/Container.php(799): Illuminate/Container/BoundMethod::call(Object(Illuminate/Foundation/Application), Array, Array, NULL)
#25 C:/Users/RV Calamaya/Documents/Orlan/garage-parts-marketplace-official/backend/vendor/laravel/framework/src/Illuminate/Database/Seeder.php(184): Illuminate/Container/Container->call(Array, Array)
#26 C:/Users/RV Calamaya/Documents/Orlan/garage-parts-marketplace-official/backend/vendor/laravel/framework/src/Illuminate/Database/Seeder.php(193): Illuminate/Database/Seeder->Illuminate/Database/{closure}()
#27 C:/Users/RV Calamaya/Documents/Orlan/garage-parts-marketplace-official/backend/vendor/laravel/framework/src/Illuminate/Database/Seeder.php(59): Illuminate/Database/Seeder->__invoke(Array)
#28 C:/Users/RV Calamaya/Documents/Orlan/garage-parts-marketplace-official/backend/database/seeders/DatabaseSeeder.php(11): Illuminate/Database/Seeder->call('Database//Seeder...')
#29 C:/Users/RV Calamaya/Documents/Orlan/garage-parts-marketplace-official/backend/vendor/laravel/framework/src/Illuminate/Container/BoundMethod.php(36): Database/Seeders/DatabaseSeeder->run()
#30 C:/Users/RV Calamaya/Documents/Orlan/garage-parts-marketplace-official/backend/vendor/laravel/framework/src/Illuminate/Container/Util.php(43): Illuminate/Container/BoundMethod::Illuminate/Container/{closure}()
#31 C:/Users/RV Calamaya/Documents/Orlan/garage-parts-marketplace-official/backend/vendor/laravel/framework/src/Illuminate/Container/BoundMethod.php(96): Illuminate/Container/Util::unwrapIfClosure(Object(Closure))
#32 C:/Users/RV Calamaya/Documents/Orlan/garage-parts-marketplace-official/backend/vendor/laravel/framework/src/Illuminate/Container/BoundMethod.php(35): Illuminate/Container/BoundMethod::callBoundMethod(Object(Illuminate/Foundation/Application), Array, Object(Closure))
#33 C:/Users/RV Calamaya/Documents/Orlan/garage-parts-marketplace-official/backend/vendor/laravel/framework/src/Illuminate/Container/Container.php(799): Illuminate/Container/BoundMethod::call(Object(Illuminate/Foundation/Application), Array, Array, NULL)
#34 C:/Users/RV Calamaya/Documents/Orlan/garage-parts-marketplace-official/backend/vendor/laravel/framework/src/Illuminate/Database/Seeder.php(184): Illuminate/Container/Container->call(Array, Array)
#35 C:/Users/RV Calamaya/Documents/Orlan/garage-parts-marketplace-official/backend/vendor/laravel/framework/src/Illuminate/Database/Seeder.php(193): Illuminate/Database/Seeder->Illuminate/Database/{closure}()
#36 C:/Users/RV Calamaya/Documents/Orlan/garage-parts-marketplace-official/backend/vendor/laravel/framework/src/Illuminate/Database/Console/Seeds/SeedCommand.php(71): Illuminate/Database/Seeder->__invoke()
#37 C:/Users/RV Calamaya/Documents/Orlan/garage-parts-marketplace-official/backend/vendor/laravel/framework/src/Illuminate/Database/Eloquent/Concerns/GuardsAttributes.php(157): Illuminate/Database/Console/Seeds/SeedCommand->Illuminate/Database/Console/Seeds/{closure}()
#38 C:/Users/RV Calamaya/Documents/Orlan/garage-parts-marketplace-official/backend/vendor/laravel/framework/src/Illuminate/Database/Console/Seeds/SeedCommand.php(70): Illuminate/Database/Eloquent/Model::unguarded(Object(Closure))
#39 C:/Users/RV Calamaya/Documents/Orlan/garage-parts-marketplace-official/backend/vendor/laravel/framework/src/Illuminate/Container/BoundMethod.php(36): Illuminate/Database/Console/Seeds/SeedCommand->handle()
#40 C:/Users/RV Calamaya/Documents/Orlan/garage-parts-marketplace-official/backend/vendor/laravel/framework/src/Illuminate/Container/Util.php(43): Illuminate/Container/BoundMethod::Illuminate/Container/{closure}()
#41 C:/Users/RV Calamaya/Documents/Orlan/garage-parts-marketplace-official/backend/vendor/laravel/framework/src/Illuminate/Container/BoundMethod.php(96): Illuminate/Container/Util::unwrapIfClosure(Object(Closure))
#42 C:/Users/RV Calamaya/Documents/Orlan/garage-parts-marketplace-official/backend/vendor/laravel/framework/src/Illuminate/Container/BoundMethod.php(35): Illuminate/Container/BoundMethod::callBoundMethod(Object(Illuminate/Foundation/Application), Array, Object(Closure))
#43 C:/Users/RV Calamaya/Documents/Orlan/garage-parts-marketplace-official/backend/vendor/laravel/framework/src/Illuminate/Container/Container.php(799): Illuminate/Container/BoundMethod::call(Object(Illuminate/Foundation/Application), Array, Array, NULL)
#44 C:/Users/RV Calamaya/Documents/Orlan/garage-parts-marketplace-official/backend/vendor/laravel/framework/src/Illuminate/Console/Command.php(211): Illuminate/Container/Container->call(Array)
#45 C:/Users/RV Calamaya/Documents/Orlan/garage-parts-marketplace-official/backend/vendor/symfony/console/Command/Command.php(341): Illuminate/Console/Command->execute(Object(Symfony/Component/Console/Input/ArrayInput), Object(Illuminate/Console/OutputStyle))
#46 C:/Users/RV Calamaya/Documents/Orlan/garage-parts-marketplace-official/backend/vendor/laravel/framework/src/Illuminate/Console/Command.php(180): Symfony/Component/Console/Command/Command->run(Object(Symfony/Component/Console/Input/ArrayInput), Object(Illuminate/Console/OutputStyle))
#47 C:/Users/RV Calamaya/Documents/Orlan/garage-parts-marketplace-official/backend/vendor/laravel/framework/src/Illuminate/Console/Concerns/CallsCommands.php(68): Illuminate/Console/Command->run(Object(Symfony/Component/Console/Input/ArrayInput), Object(Illuminate/Console/OutputStyle))
#48 C:/Users/RV Calamaya/Documents/Orlan/garage-parts-marketplace-official/backend/vendor/laravel/framework/src/Illuminate/Console/Concerns/CallsCommands.php(29): Illuminate/Console/Command->runCommand('db:seed', Array, Object(Illuminate/Console/OutputStyle))
#49 C:/Users/RV Calamaya/Documents/Orlan/garage-parts-marketplace-official/backend/vendor/laravel/framework/src/Illuminate/Database/Console/Migrations/FreshCommand.php(128): Illuminate/Console/Command->call('db:seed', Array)
#50 C:/Users/RV Calamaya/Documents/Orlan/garage-parts-marketplace-official/backend/vendor/laravel/framework/src/Illuminate/Database/Console/Migrations/FreshCommand.php(104): Illuminate/Database/Console/Migrations/FreshCommand->runSeeder(NULL)
#51 C:/Users/RV Calamaya/Documents/Orlan/garage-parts-marketplace-official/backend/vendor/laravel/framework/src/Illuminate/Container/BoundMethod.php(36): Illuminate/Database/Console/Migrations/FreshCommand->handle()
#52 C:/Users/RV Calamaya/Documents/Orlan/garage-parts-marketplace-official/backend/vendor/laravel/framework/src/Illuminate/Container/Util.php(43): Illuminate/Container/BoundMethod::Illuminate/Container/{closure}()
#53 C:/Users/RV Calamaya/Documents/Orlan/garage-parts-marketplace-official/backend/vendor/laravel/framework/src/Illuminate/Container/BoundMethod.php(96): Illuminate/Container/Util::unwrapIfClosure(Object(Closure))
#54 C:/Users/RV Calamaya/Documents/Orlan/garage-parts-marketplace-official/backend/vendor/laravel/framework/src/Illuminate/Container/BoundMethod.php(35): Illuminate/Container/BoundMethod::callBoundMethod(Object(Illuminate/Foundation/Application), Array, Object(Closure))
#55 C:/Users/RV Calamaya/Documents/Orlan/garage-parts-marketplace-official/backend/vendor/laravel/framework/src/Illuminate/Container/Container.php(799): Illuminate/Container/BoundMethod::call(Object(Illuminate/Foundation/Application), Array, Array, NULL)
#56 C:/Users/RV Calamaya/Documents/Orlan/garage-parts-marketplace-official/backend/vendor/laravel/framework/src/Illuminate/Console/Command.php(211): Illuminate/Container/Container->call(Array)
#57 C:/Users/RV Calamaya/Documents/Orlan/garage-parts-marketplace-official/backend/vendor/symfony/console/Command/Command.php(341): Illuminate/Console/Command->execute(Object(Symfony/Component/Console/Input/ArgvInput), Object(Illuminate/Console/OutputStyle))
#58 C:/Users/RV Calamaya/Documents/Orlan/garage-parts-marketplace-official/backend/vendor/laravel/framework/src/Illuminate/Console/Command.php(180): Symfony/Component/Console/Command/Command->run(Object(Symfony/Component/Console/Input/ArgvInput), Object(Illuminate/Console/OutputStyle))
#59 C:/Users/RV Calamaya/Documents/Orlan/garage-parts-marketplace-official/backend/vendor/symfony/console/Application.php(1117): Illuminate/Console/Command->run(Object(Symfony/Component/Console/Input/ArgvInput), Object(Symfony/Component/Console/Output/ConsoleOutput))
#60 C:/Users/RV Calamaya/Documents/Orlan/garage-parts-marketplace-official/backend/vendor/symfony/console/Application.php(356): Symfony/Component/Console/Application->doRunCommand(Object(Illuminate/Database/Console/Migrations/FreshCommand), Object(Symfony/Component/Console/Input/ArgvInput), Object(Symfony/Component/Console/Output/ConsoleOutput))
#61 C:/Users/RV Calamaya/Documents/Orlan/garage-parts-marketplace-official/backend/vendor/symfony/console/Application.php(195): Symfony/Component/Console/Application->doRun(Object(Symfony/Component/Console/Input/ArgvInput), Object(Symfony/Component/Console/Output/ConsoleOutput))
#62 C:/Users/RV Calamaya/Documents/Orlan/garage-parts-marketplace-official/backend/vendor/laravel/framework/src/Illuminate/Foundation/Console/Kernel.php(198): Symfony/Component/Console/Application->run(Object(Symfony/Component/Console/Input/ArgvInput), Object(Symfony/Component/Console/Output/ConsoleOutput))
#63 C:/Users/RV Calamaya/Documents/Orlan/garage-parts-marketplace-official/backend/vendor/laravel/framework/src/Illuminate/Foundation/Application.php(1235): Illuminate/Foundation/Console/Kernel->handle(Object(Symfony/Component/Console/Input/ArgvInput), Object(Symfony/Component/Console/Output/ConsoleOutput))
#64 C:/Users/RV Calamaya/Documents/Orlan/garage-parts-marketplace-official/backend/artisan(15): Illuminate/Foundation/Application->handleCommand(Object(Symfony/Component/Console/Input/ArgvInput))
#65 {main}

[previous exception] [object] (PDOException(code: 22001): SQLSTATE[22001]: String data, right truncated: 1406 Data too long for column 'vin' at row 1 at C:/Users/RV Calamaya/Documents/Orlan/garage-parts-marketplace-official/backend/vendor/laravel/framework/src/Illuminate/Database/MySqlConnection.php:53)
[stacktrace]
#0 C:/Users/RV Calamaya/Documents/Orlan/garage-parts-marketplace-official/backend/vendor/laravel/framework/src/Illuminate/Database/MySqlConnection.php(53): PDOStatement->execute()
#1 C:/Users/RV Calamaya/Documents/Orlan/garage-parts-marketplace-official/backend/vendor/laravel/framework/src/Illuminate/Database/Connection.php(827): Illuminate/Database/MySqlConnection->Illuminate/Database/{closure}('insert into `ca...', Array)
#2 C:/Users/RV Calamaya/Documents/Orlan/garage-parts-marketplace-official/backend/vendor/laravel/framework/src/Illuminate/Database/Connection.php(794): Illuminate/Database/Connection->runQueryCallback('insert into `ca...', Array, Object(Closure))
#3 C:/Users/RV Calamaya/Documents/Orlan/garage-parts-marketplace-official/backend/vendor/laravel/framework/src/Illuminate/Database/MySqlConnection.php(42): Illuminate/Database/Connection->run('insert into `ca...', Array, Object(Closure))
#4 C:/Users/RV Calamaya/Documents/Orlan/garage-parts-marketplace-official/backend/vendor/laravel/framework/src/Illuminate/Database/Query/Processors/MySqlProcessor.php(35): Illuminate/Database/MySqlConnection->insert('insert into `ca...', Array, 'id')
#5 C:/Users/RV Calamaya/Documents/Orlan/garage-parts-marketplace-official/backend/vendor/laravel/framework/src/Illuminate/Database/Query/Builder.php(4170): Illuminate/Database/Query/Processors/MySqlProcessor->processInsertGetId(Object(Illuminate/Database/Query/Builder), 'insert into `ca...', Array, 'id')
#6 C:/Users/RV Calamaya/Documents/Orlan/garage-parts-marketplace-official/backend/vendor/laravel/framework/src/Illuminate/Database/Eloquent/Builder.php(2237): Illuminate/Database/Query/Builder->insertGetId(Array, 'id')
#7 C:/Users/RV Calamaya/Documents/Orlan/garage-parts-marketplace-official/backend/vendor/laravel/framework/src/Illuminate/Database/Eloquent/Model.php(1436): Illuminate/Database/Eloquent/Builder->__call('insertGetId', Array)
#8 C:/Users/RV Calamaya/Documents/Orlan/garage-parts-marketplace-official/backend/vendor/laravel/framework/src/Illuminate/Database/Eloquent/Model.php(1401): Illuminate/Database/Eloquent/Model->insertAndSetId(Object(Illuminate/Database/Eloquent/Builder), Array)
#9 C:/Users/RV Calamaya/Documents/Orlan/garage-parts-marketplace-official/backend/vendor/laravel/framework/src/Illuminate/Database/Eloquent/Model.php(1240): Illuminate/Database/Eloquent/Model->performInsert(Object(Illuminate/Database/Eloquent/Builder))
#10 C:/Users/RV Calamaya/Documents/Orlan/garage-parts-marketplace-official/backend/vendor/laravel/framework/src/Illuminate/Database/Eloquent/Builder.php(1219): Illuminate/Database/Eloquent/Model->save()
#11 C:/Users/RV Calamaya/Documents/Orlan/garage-parts-marketplace-official/backend/vendor/laravel/framework/src/Illuminate/Support/helpers.php(393): Illuminate/Database/Eloquent/Builder->Illuminate/Database/Eloquent/{closure}(Object(App/Models/Car))
#12 C:/Users/RV Calamaya/Documents/Orlan/garage-parts-marketplace-official/backend/vendor/laravel/framework/src/Illuminate/Database/Eloquent/Builder.php(1218): tap(Object(App/Models/Car), Object(Closure))
#13 C:/Users/RV Calamaya/Documents/Orlan/garage-parts-marketplace-official/backend/vendor/laravel/framework/src/Illuminate/Database/Eloquent/Builder.php(725): Illuminate/Database/Eloquent/Builder->create(Array)
#14 C:/Users/RV Calamaya/Documents/Orlan/garage-parts-marketplace-official/backend/vendor/laravel/framework/src/Illuminate/Database/Eloquent/Builder.php(1961): Illuminate/Database/Eloquent/Builder->Illuminate/Database/Eloquent/{closure}()
#15 C:/Users/RV Calamaya/Documents/Orlan/garage-parts-marketplace-official/backend/vendor/laravel/framework/src/Illuminate/Database/Eloquent/Builder.php(725): Illuminate/Database/Eloquent/Builder->withSavepointIfNeeded(Object(Closure))
#16 C:/Users/RV Calamaya/Documents/Orlan/garage-parts-marketplace-official/backend/vendor/laravel/framework/src/Illuminate/Database/Eloquent/Builder.php(712): Illuminate/Database/Eloquent/Builder->createOrFirst(Array, Array)
#17 C:/Users/RV Calamaya/Documents/Orlan/garage-parts-marketplace-official/backend/vendor/laravel/framework/src/Illuminate/Database/Eloquent/Builder.php(740): Illuminate/Database/Eloquent/Builder->firstOrCreate(Array, Array)
#18 C:/Users/RV Calamaya/Documents/Orlan/garage-parts-marketplace-official/backend/vendor/laravel/framework/src/Illuminate/Support/Traits/ForwardsCalls.php(23): Illuminate/Database/Eloquent/Builder->updateOrCreate(Array, Array)
#19 C:/Users/RV Calamaya/Documents/Orlan/garage-parts-marketplace-official/backend/vendor/laravel/framework/src/Illuminate/Database/Eloquent/Model.php(2544): Illuminate/Database/Eloquent/Model->forwardCallTo(Object(Illuminate/Database/Eloquent/Builder), 'updateOrCreate', Array)
#20 C:/Users/RV Calamaya/Documents/Orlan/garage-parts-marketplace-official/backend/vendor/laravel/framework/src/Illuminate/Database/Eloquent/Model.php(2560): Illuminate/Database/Eloquent/Model->__call('updateOrCreate', Array)
#21 C:/Users/RV Calamaya/Documents/Orlan/garage-parts-marketplace-official/backend/database/seeders/CarSeeder.php(399): Illuminate/Database/Eloquent/Model::__callStatic('updateOrCreate', Array)
#22 C:/Users/RV Calamaya/Documents/Orlan/garage-parts-marketplace-official/backend/vendor/laravel/framework/src/Illuminate/Container/BoundMethod.php(36): Database/Seeders/CarSeeder->run()
#23 C:/Users/RV Calamaya/Documents/Orlan/garage-parts-marketplace-official/backend/vendor/laravel/framework/src/Illuminate/Container/Util.php(43): Illuminate/Container/BoundMethod::Illuminate/Container/{closure}()
#24 C:/Users/RV Calamaya/Documents/Orlan/garage-parts-marketplace-official/backend/vendor/laravel/framework/src/Illuminate/Container/BoundMethod.php(96): Illuminate/Container/Util::unwrapIfClosure(Object(Closure))
#25 C:/Users/RV Calamaya/Documents/Orlan/garage-parts-marketplace-official/backend/vendor/laravel/framework/src/Illuminate/Container/BoundMethod.php(35): Illuminate/Container/BoundMethod::callBoundMethod(Object(Illuminate/Foundation/Application), Array, Object(Closure))
#26 C:/Users/RV Calamaya/Documents/Orlan/garage-parts-marketplace-official/backend/vendor/laravel/framework/src/Illuminate/Container/Container.php(799): Illuminate/Container/BoundMethod::call(Object(Illuminate/Foundation/Application), Array, Array, NULL)
#27 C:/Users/RV Calamaya/Documents/Orlan/garage-parts-marketplace-official/backend/vendor/laravel/framework/src/Illuminate/Database/Seeder.php(184): Illuminate/Container/Container->call(Array, Array)
#28 C:/Users/RV Calamaya/Documents/Orlan/garage-parts-marketplace-official/backend/vendor/laravel/framework/src/Illuminate/Database/Seeder.php(193): Illuminate/Database/Seeder->Illuminate/Database/{closure}()
#29 C:/Users/RV Calamaya/Documents/Orlan/garage-parts-marketplace-official/backend/vendor/laravel/framework/src/Illuminate/Database/Seeder.php(59): Illuminate/Database/Seeder->__invoke(Array)
#30 C:/Users/RV Calamaya/Documents/Orlan/garage-parts-marketplace-official/backend/database/seeders/DatabaseSeeder.php(11): Illuminate/Database/Seeder->call('Database//Seeder...')
#31 C:/Users/RV Calamaya/Documents/Orlan/garage-parts-marketplace-official/backend/vendor/laravel/framework/src/Illuminate/Container/BoundMethod.php(36): Database/Seeders/DatabaseSeeder->run()
#32 C:/Users/RV Calamaya/Documents/Orlan/garage-parts-marketplace-official/backend/vendor/laravel/framework/src/Illuminate/Container/Util.php(43): Illuminate/Container/BoundMethod::Illuminate/Container/{closure}()
#33 C:/Users/RV Calamaya/Documents/Orlan/garage-parts-marketplace-official/backend/vendor/laravel/framework/src/Illuminate/Container/BoundMethod.php(96): Illuminate/Container/Util::unwrapIfClosure(Object(Closure))
#34 C:/Users/RV Calamaya/Documents/Orlan/garage-parts-marketplace-official/backend/vendor/laravel/framework/src/Illuminate/Container/BoundMethod.php(35): Illuminate/Container/BoundMethod::callBoundMethod(Object(Illuminate/Foundation/Application), Array, Object(Closure))
#35 C:/Users/RV Calamaya/Documents/Orlan/garage-parts-marketplace-official/backend/vendor/laravel/framework/src/Illuminate/Container/Container.php(799): Illuminate/Container/BoundMethod::call(Object(Illuminate/Foundation/Application), Array, Array, NULL)
#36 C:/Users/RV Calamaya/Documents/Orlan/garage-parts-marketplace-official/backend/vendor/laravel/framework/src/Illuminate/Database/Seeder.php(184): Illuminate/Container/Container->call(Array, Array)
#37 C:/Users/RV Calamaya/Documents/Orlan/garage-parts-marketplace-official/backend/vendor/laravel/framework/src/Illuminate/Database/Seeder.php(193): Illuminate/Database/Seeder->Illuminate/Database/{closure}()
#38 C:/Users/RV Calamaya/Documents/Orlan/garage-parts-marketplace-official/backend/vendor/laravel/framework/src/Illuminate/Database/Console/Seeds/SeedCommand.php(71): Illuminate/Database/Seeder->__invoke()
#39 C:/Users/RV Calamaya/Documents/Orlan/garage-parts-marketplace-official/backend/vendor/laravel/framework/src/Illuminate/Database/Eloquent/Concerns/GuardsAttributes.php(157): Illuminate/Database/Console/Seeds/SeedCommand->Illuminate/Database/Console/Seeds/{closure}()
#40 C:/Users/RV Calamaya/Documents/Orlan/garage-parts-marketplace-official/backend/vendor/laravel/framework/src/Illuminate/Database/Console/Seeds/SeedCommand.php(70): Illuminate/Database/Eloquent/Model::unguarded(Object(Closure))
#41 C:/Users/RV Calamaya/Documents/Orlan/garage-parts-marketplace-official/backend/vendor/laravel/framework/src/Illuminate/Container/BoundMethod.php(36): Illuminate/Database/Console/Seeds/SeedCommand->handle()
#42 C:/Users/RV Calamaya/Documents/Orlan/garage-parts-marketplace-official/backend/vendor/laravel/framework/src/Illuminate/Container/Util.php(43): Illuminate/Container/BoundMethod::Illuminate/Container/{closure}()
#43 C:/Users/RV Calamaya/Documents/Orlan/garage-parts-marketplace-official/backend/vendor/laravel/framework/src/Illuminate/Container/BoundMethod.php(96): Illuminate/Container/Util::unwrapIfClosure(Object(Closure))
#44 C:/Users/RV Calamaya/Documents/Orlan/garage-parts-marketplace-official/backend/vendor/laravel/framework/src/Illuminate/Container/BoundMethod.php(35): Illuminate/Container/BoundMethod::callBoundMethod(Object(Illuminate/Foundation/Application), Array, Object(Closure))
#45 C:/Users/RV Calamaya/Documents/Orlan/garage-parts-marketplace-official/backend/vendor/laravel/framework/src/Illuminate/Container/Container.php(799): Illuminate/Container/BoundMethod::call(Object(Illuminate/Foundation/Application), Array, Array, NULL)
#46 C:/Users/RV Calamaya/Documents/Orlan/garage-parts-marketplace-official/backend/vendor/laravel/framework/src/Illuminate/Console/Command.php(211): Illuminate/Container/Container->call(Array)
#47 C:/Users/RV Calamaya/Documents/Orlan/garage-parts-marketplace-official/backend/vendor/symfony/console/Command/Command.php(341): Illuminate/Console/Command->execute(Object(Symfony/Component/Console/Input/ArrayInput), Object(Illuminate/Console/OutputStyle))
#48 C:/Users/RV Calamaya/Documents/Orlan/garage-parts-marketplace-official/backend/vendor/laravel/framework/src/Illuminate/Console/Command.php(180): Symfony/Component/Console/Command/Command->run(Object(Symfony/Component/Console/Input/ArrayInput), Object(Illuminate/Console/OutputStyle))
#49 C:/Users/RV Calamaya/Documents/Orlan/garage-parts-marketplace-official/backend/vendor/laravel/framework/src/Illuminate/Console/Concerns/CallsCommands.php(68): Illuminate/Console/Command->run(Object(Symfony/Component/Console/Input/ArrayInput), Object(Illuminate/Console/OutputStyle))
#50 C:/Users/RV Calamaya/Documents/Orlan/garage-parts-marketplace-official/backend/vendor/laravel/framework/src/Illuminate/Console/Concerns/CallsCommands.php(29): Illuminate/Console/Command->runCommand('db:seed', Array, Object(Illuminate/Console/OutputStyle))
#51 C:/Users/RV Calamaya/Documents/Orlan/garage-parts-marketplace-official/backend/vendor/laravel/framework/src/Illuminate/Database/Console/Migrations/FreshCommand.php(128): Illuminate/Console/Command->call('db:seed', Array)
#52 C:/Users/RV Calamaya/Documents/Orlan/garage-parts-marketplace-official/backend/vendor/laravel/framework/src/Illuminate/Database/Console/Migrations/FreshCommand.php(104): Illuminate/Database/Console/Migrations/FreshCommand->runSeeder(NULL)
#53 C:/Users/RV Calamaya/Documents/Orlan/garage-parts-marketplace-official/backend/vendor/laravel/framework/src/Illuminate/Container/BoundMethod.php(36): Illuminate/Database/Console/Migrations/FreshCommand->handle()
#54 C:/Users/RV Calamaya/Documents/Orlan/garage-parts-marketplace-official/backend/vendor/laravel/framework/src/Illuminate/Container/Util.php(43): Illuminate/Container/BoundMethod::Illuminate/Container/{closure}()
#55 C:/Users/RV Calamaya/Documents/Orlan/garage-parts-marketplace-official/backend/vendor/laravel/framework/src/Illuminate/Container/BoundMethod.php(96): Illuminate/Container/Util::unwrapIfClosure(Object(Closure))
#56 C:/Users/RV Calamaya/Documents/Orlan/garage-parts-marketplace-official/backend/vendor/laravel/framework/src/Illuminate/Container/BoundMethod.php(35): Illuminate/Container/BoundMethod::callBoundMethod(Object(Illuminate/Foundation/Application), Array, Object(Closure))
#57 C:/Users/RV Calamaya/Documents/Orlan/garage-parts-marketplace-official/backend/vendor/laravel/framework/src/Illuminate/Container/Container.php(799): Illuminate/Container/BoundMethod::call(Object(Illuminate/Foundation/Application), Array, Array, NULL)
#58 C:/Users/RV Calamaya/Documents/Orlan/garage-parts-marketplace-official/backend/vendor/laravel/framework/src/Illuminate/Console/Command.php(211): Illuminate/Container/Container->call(Array)
#59 C:/Users/RV Calamaya/Documents/Orlan/garage-parts-marketplace-official/backend/vendor/symfony/console/Command/Command.php(341): Illuminate/Console/Command->execute(Object(Symfony/Component/Console/Input/ArgvInput), Object(Illuminate/Console/OutputStyle))
#60 C:/Users/RV Calamaya/Documents/Orlan/garage-parts-marketplace-official/backend/vendor/laravel/framework/src/Illuminate/Console/Command.php(180): Symfony/Component/Console/Command/Command->run(Object(Symfony/Component/Console/Input/ArgvInput), Object(Illuminate/Console/OutputStyle))
#61 C:/Users/RV Calamaya/Documents/Orlan/garage-parts-marketplace-official/backend/vendor/symfony/console/Application.php(1117): Illuminate/Console/Command->run(Object(Symfony/Component/Console/Input/ArgvInput), Object(Symfony/Component/Console/Output/ConsoleOutput))
#62 C:/Users/RV Calamaya/Documents/Orlan/garage-parts-marketplace-official/backend/vendor/symfony/console/Application.php(356): Symfony/Component/Console/Application->doRunCommand(Object(Illuminate/Database/Console/Migrations/FreshCommand), Object(Symfony/Component/Console/Input/ArgvInput), Object(Symfony/Component/Console/Output/ConsoleOutput))
#63 C:/Users/RV Calamaya/Documents/Orlan/garage-parts-marketplace-official/backend/vendor/symfony/console/Application.php(195): Symfony/Component/Console/Application->doRun(Object(Symfony/Component/Console/Input/ArgvInput), Object(Symfony/Component/Console/Output/ConsoleOutput))
#64 C:/Users/RV Calamaya/Documents/Orlan/garage-parts-marketplace-official/backend/vendor/laravel/framework/src/Illuminate/Foundation/Console/Kernel.php(198): Symfony/Component/Console/Application->run(Object(Symfony/Component/Console/Input/ArgvInput), Object(Symfony/Component/Console/Output/ConsoleOutput))
#65 C:/Users/RV Calamaya/Documents/Orlan/garage-parts-marketplace-official/backend/vendor/laravel/framework/src/Illuminate/Foundation/Application.php(1235): Illuminate/Foundation/Console/Kernel->handle(Object(Symfony/Component/Console/Input/ArgvInput), Object(Symfony/Component/Console/Output/ConsoleOutput))
#66 C:/Users/RV Calamaya/Documents/Orlan/garage-parts-marketplace-official/backend/artisan(15): Illuminate/Foundation/Application->handleCommand(Object(Symfony/Component/Console/Input/ArgvInput))
#67 {main}
"} 
[2026-09-17 03:00:13] local.ERROR: Undefined constant App\Enums\PartCategory::Exhaust {"exception":"[object] (Error(code: 0): Undefined constant App\\Enums\\PartCategory::Exhaust at C:/Users/RV Calamaya/Documents/Orlan/garage-parts-marketplace-official/backend/database/seeders/PartSeeder.php:96)
[stacktrace]
#0 C:/Users/RV Calamaya/Documents/Orlan/garage-parts-marketplace-official/backend/vendor/laravel/framework/src/Illuminate/Container/BoundMethod.php(36): Database/Seeders/PartSeeder->run()
#1 C:/Users/RV Calamaya/Documents/Orlan/garage-parts-marketplace-official/backend/vendor/laravel/framework/src/Illuminate/Container/Util.php(43): Illuminate/Container/BoundMethod::Illuminate/Container/{closure}()
#2 C:/Users/RV Calamaya/Documents/Orlan/garage-parts-marketplace-official/backend/vendor/laravel/framework/src/Illuminate/Container/BoundMethod.php(96): Illuminate/Container/Util::unwrapIfClosure(Object(Closure))
#3 C:/Users/RV Calamaya/Documents/Orlan/garage-parts-marketplace-official/backend/vendor/laravel/framework/src/Illuminate/Container/BoundMethod.php(35): Illuminate/Container/BoundMethod::callBoundMethod(Object(Illuminate/Foundation/Application), Array, Object(Closure))
#4 C:/Users/RV Calamaya/Documents/Orlan/garage-parts-marketplace-official/backend/vendor/laravel/framework/src/Illuminate/Container/Container.php(799): Illuminate/Container/BoundMethod::call(Object(Illuminate/Foundation/Application), Array, Array, NULL)
#5 C:/Users/RV Calamaya/Documents/Orlan/garage-parts-marketplace-official/backend/vendor/laravel/framework/src/Illuminate/Database/Seeder.php(184): Illuminate/Container/Container->call(Array, Array)
#6 C:/Users/RV Calamaya/Documents/Orlan/garage-parts-marketplace-official/backend/vendor/laravel/framework/src/Illuminate/Database/Seeder.php(193): Illuminate/Database/Seeder->Illuminate/Database/{closure}()
#7 C:/Users/RV Calamaya/Documents/Orlan/garage-parts-marketplace-official/backend/vendor/laravel/framework/src/Illuminate/Database/Seeder.php(59): Illuminate/Database/Seeder->__invoke(Array)
#8 C:/Users/RV Calamaya/Documents/Orlan/garage-parts-marketplace-official/backend/database/seeders/DatabaseSeeder.php(11): Illuminate/Database/Seeder->call('Database//Seeder...')
#9 C:/Users/RV Calamaya/Documents/Orlan/garage-parts-marketplace-official/backend/vendor/laravel/framework/src/Illuminate/Container/BoundMethod.php(36): Database/Seeders/DatabaseSeeder->run()
#10 C:/Users/RV Calamaya/Documents/Orlan/garage-parts-marketplace-official/backend/vendor/laravel/framework/src/Illuminate/Container/Util.php(43): Illuminate/Container/BoundMethod::Illuminate/Container/{closure}()
#11 C:/Users/RV Calamaya/Documents/Orlan/garage-parts-marketplace-official/backend/vendor/laravel/framework/src/Illuminate/Container/BoundMethod.php(96): Illuminate/Container/Util::unwrapIfClosure(Object(Closure))
#12 C:/Users/RV Calamaya/Documents/Orlan/garage-parts-marketplace-official/backend/vendor/laravel/framework/src/Illuminate/Container/BoundMethod.php(35): Illuminate/Container/BoundMethod::callBoundMethod(Object(Illuminate/Foundation/Application), Array, Object(Closure))
#13 C:/Users/RV Calamaya/Documents/Orlan/garage-parts-marketplace-official/backend/vendor/laravel/framework/src/Illuminate/Container/Container.php(799): Illuminate/Container/BoundMethod::call(Object(Illuminate/Foundation/Application), Array, Array, NULL)
#14 C:/Users/RV Calamaya/Documents/Orlan/garage-parts-marketplace-official/backend/vendor/laravel/framework/src/Illuminate/Database/Seeder.php(184): Illuminate/Container/Container->call(Array, Array)
#15 C:/Users/RV Calamaya/Documents/Orlan/garage-parts-marketplace-official/backend/vendor/laravel/framework/src/Illuminate/Database/Seeder.php(193): Illuminate/Database/Seeder->Illuminate/Database/{closure}()
#16 C:/Users/RV Calamaya/Documents/Orlan/garage-parts-marketplace-official/backend/vendor/laravel/framework/src/Illuminate/Database/Console/Seeds/SeedCommand.php(71): Illuminate/Database/Seeder->__invoke()
#17 C:/Users/RV Calamaya/Documents/Orlan/garage-parts-marketplace-official/backend/vendor/laravel/framework/src/Illuminate/Database/Eloquent/Concerns/GuardsAttributes.php(157): Illuminate/Database/Console/Seeds/SeedCommand->Illuminate/Database/Console/Seeds/{closure}()
#18 C:/Users/RV Calamaya/Documents/Orlan/garage-parts-marketplace-official/backend/vendor/laravel/framework/src/Illuminate/Database/Console/Seeds/SeedCommand.php(70): Illuminate/Database/Eloquent/Model::unguarded(Object(Closure))
#19 C:/Users/RV Calamaya/Documents/Orlan/garage-parts-marketplace-official/backend/vendor/laravel/framework/src/Illuminate/Container/BoundMethod.php(36): Illuminate/Database/Console/Seeds/SeedCommand->handle()
#20 C:/Users/RV Calamaya/Documents/Orlan/garage-parts-marketplace-official/backend/vendor/laravel/framework/src/Illuminate/Container/Util.php(43): Illuminate/Container/BoundMethod::Illuminate/Container/{closure}()
#21 C:/Users/RV Calamaya/Documents/Orlan/garage-parts-marketplace-official/backend/vendor/laravel/framework/src/Illuminate/Container/BoundMethod.php(96): Illuminate/Container/Util::unwrapIfClosure(Object(Closure))
#22 C:/Users/RV Calamaya/Documents/Orlan/garage-parts-marketplace-official/backend/vendor/laravel/framework/src/Illuminate/Container/BoundMethod.php(35): Illuminate/Container/BoundMethod::callBoundMethod(Object(Illuminate/Foundation/Application), Array, Object(Closure))
#23 C:/Users/RV Calamaya/Documents/Orlan/garage-parts-marketplace-official/backend/vendor/laravel/framework/src/Illuminate/Container/Container.php(799): Illuminate/Container/BoundMethod::call(Object(Illuminate/Foundation/Application), Array, Array, NULL)
#24 C:/Users/RV Calamaya/Documents/Orlan/garage-parts-marketplace-official/backend/vendor/laravel/framework/src/Illuminate/Console/Command.php(211): Illuminate/Container/Container->call(Array)
#25 C:/Users/RV Calamaya/Documents/Orlan/garage-parts-marketplace-official/backend/vendor/symfony/console/Command/Command.php(341): Illuminate/Console/Command->execute(Object(Symfony/Component/Console/Input/ArrayInput), Object(Illuminate/Console/OutputStyle))
#26 C:/Users/RV Calamaya/Documents/Orlan/garage-parts-marketplace-official/backend/vendor/laravel/framework/src/Illuminate/Console/Command.php(180): Symfony/Component/Console/Command/Command->run(Object(Symfony/Component/Console/Input/ArrayInput), Object(Illuminate/Console/OutputStyle))
#27 C:/Users/RV Calamaya/Documents/Orlan/garage-parts-marketplace-official/backend/vendor/laravel/framework/src/Illuminate/Console/Concerns/CallsCommands.php(68): Illuminate/Console/Command->run(Object(Symfony/Component/Console/Input/ArrayInput), Object(Illuminate/Console/OutputStyle))
#28 C:/Users/RV Calamaya/Documents/Orlan/garage-parts-marketplace-official/backend/vendor/laravel/framework/src/Illuminate/Console/Concerns/CallsCommands.php(29): Illuminate/Console/Command->runCommand('db:seed', Array, Object(Illuminate/Console/OutputStyle))
#29 C:/Users/RV Calamaya/Documents/Orlan/garage-parts-marketplace-official/backend/vendor/laravel/framework/src/Illuminate/Database/Console/Migrations/FreshCommand.php(128): Illuminate/Console/Command->call('db:seed', Array)
#30 C:/Users/RV Calamaya/Documents/Orlan/garage-parts-marketplace-official/backend/vendor/laravel/framework/src/Illuminate/Database/Console/Migrations/FreshCommand.php(104): Illuminate/Database/Console/Migrations/FreshCommand->runSeeder(NULL)
#31 C:/Users/RV Calamaya/Documents/Orlan/garage-parts-marketplace-official/backend/vendor/laravel/framework/src/Illuminate/Container/BoundMethod.php(36): Illuminate/Database/Console/Migrations/FreshCommand->handle()
#32 C:/Users/RV Calamaya/Documents/Orlan/garage-parts-marketplace-official/backend/vendor/laravel/framework/src/Illuminate/Container/Util.php(43): Illuminate/Container/BoundMethod::Illuminate/Container/{closure}()
#33 C:/Users/RV Calamaya/Documents/Orlan/garage-parts-marketplace-official/backend/vendor/laravel/framework/src/Illuminate/Container/BoundMethod.php(96): Illuminate/Container/Util::unwrapIfClosure(Object(Closure))
#34 C:/Users/RV Calamaya/Documents/Orlan/garage-parts-marketplace-official/backend/vendor/laravel/framework/src/Illuminate/Container/BoundMethod.php(35): Illuminate/Container/BoundMethod::callBoundMethod(Object(Illuminate/Foundation/Application), Array, Object(Closure))
#35 C:/Users/RV Calamaya/Documents/Orlan/garage-parts-marketplace-official/backend/vendor/laravel/framework/src/Illuminate/Container/Container.php(799): Illuminate/Container/BoundMethod::call(Object(Illuminate/Foundation/Application), Array, Array, NULL)
#36 C:/Users/RV Calamaya/Documents/Orlan/garage-parts-marketplace-official/backend/vendor/laravel/framework/src/Illuminate/Console/Command.php(211): Illuminate/Container/Container->call(Array)
#37 C:/Users/RV Calamaya/Documents/Orlan/garage-parts-marketplace-official/backend/vendor/symfony/console/Command/Command.php(341): Illuminate/Console/Command->execute(Object(Symfony/Component/Console/Input/ArgvInput), Object(Illuminate/Console/OutputStyle))
#38 C:/Users/RV Calamaya/Documents/Orlan/garage-parts-marketplace-official/backend/vendor/laravel/framework/src/Illuminate/Console/Command.php(180): Symfony/Component/Console/Command/Command->run(Object(Symfony/Component/Console/Input/ArgvInput), Object(Illuminate/Console/OutputStyle))
#39 C:/Users/RV Calamaya/Documents/Orlan/garage-parts-marketplace-official/backend/vendor/symfony/console/Application.php(1117): Illuminate/Console/Command->run(Object(Symfony/Component/Console/Input/ArgvInput), Object(Symfony/Component/Console/Output/ConsoleOutput))
#40 C:/Users/RV Calamaya/Documents/Orlan/garage-parts-marketplace-official/backend/vendor/symfony/console/Application.php(356): Symfony/Component/Console/Application->doRunCommand(Object(Illuminate/Database/Console/Migrations/FreshCommand), Object(Symfony/Component/Console/Input/ArgvInput), Object(Symfony/Component/Console/Output/ConsoleOutput))
#41 C:/Users/RV Calamaya/Documents/Orlan/garage-parts-marketplace-official/backend/vendor/symfony/console/Application.php(195): Symfony/Component/Console/Application->doRun(Object(Symfony/Component/Console/Input/ArgvInput), Object(Symfony/Component/Console/Output/ConsoleOutput))
#42 C:/Users/RV Calamaya/Documents/Orlan/garage-parts-marketplace-official/backend/vendor/laravel/framework/src/Illuminate/Foundation/Console/Kernel.php(198): Symfony/Component/Console/Application->run(Object(Symfony/Component/Console/Input/ArgvInput), Object(Symfony/Component/Console/Output/ConsoleOutput))
#43 C:/Users/RV Calamaya/Documents/Orlan/garage-parts-marketplace-official/backend/vendor/laravel/framework/src/Illuminate/Foundation/Application.php(1235): Illuminate/Foundation/Console/Kernel->handle(Object(Symfony/Component/Console/Input/ArgvInput), Object(Symfony/Component/Console/Output/ConsoleOutput))
#44 C:/Users/RV Calamaya/Documents/Orlan/garage-parts-marketplace-official/backend/artisan(15): Illuminate/Foundation/Application->handleCommand(Object(Symfony/Component/Console/Input/ArgvInput))
#45 {main}
"} 
